OptionName,Score,Side,Type,MarketScenario,UserMarketView
اختيارخ ذوب-500-1403/09/28,0.18124238628673883,Long,CALL,Normal Market,bullish
اختيارخ وبملت-3000-1403/09/28,0.16929281190884318,Long,CALL,Normal Market,bullish
اختيارخ وبملت-2800-1403/09/28,0.11343903935859229,Long,CALL,Normal Market,bullish
اختيارخ وبملت-2600-1403/09/28,0.111538791455003,Long,CALL,Normal Market,bullish
اختيارخ خساپا-2200-1403/11/24,0.0887973014481992,Long,CALL,Normal Market,bullish
اختيارخ رويين-10000-14031030,0.07513767100425088,Long,CALL,Normal Market,bullish
اختيارخ خودرو-2600-1404/01/06,0.0651756149890102,Long,CALL,Normal Market,bullish
اختيارخ وبملت-2200-1403/09/28,0.0589465812743609,Long,CALL,Normal Market,bullish
اختيارخ وبملت-2400-1403/09/28,0.05299477951260945,Long,CALL,Normal Market,bullish
اختيارخ بساما-5413-14040207,0.05159413494689178,Long,CALL,Normal Market,bullish
اختيارخ فولاد-6000-1403/12/01,0.3926217551818172,Short,CALL,Normal Market,bullish
اختيارخ شستا-1550-1403/12/08,0.3310266829538573,Short,CALL,Normal Market,bullish
اختيارخ خودرو-3500-1403/12/01,0.32217468163538143,Short,CALL,Normal Market,bullish
اختيارخ ذوب-500-1403/11/24,0.3057142467220137,Short,CALL,Normal Market,bullish
اختيارخ شستا-1450-1403/12/08,0.30411594532495434,Short,CALL,Normal Market,bullish
اختيارخ فولاد-5500-1403/12/01,0.28404544138667165,Short,CALL,Normal Market,bullish
اختيارخ خگستر-4500-1403/12/01,0.26638263232742027,Short,CALL,Normal Market,bullish
اختيارخ خودرو-3250-1403/12/01,0.2451805092564727,Short,CALL,Normal Market,bullish
اختيارخ خگستر-5000-1403/12/01,0.23797125700149224,Short,CALL,Normal Market,bullish
اختيارخ شستا-1600-1404/01/20,0.2260024272250848,Short,CALL,Normal Market,bullish
اختيارف خساپا-2400-1403/10/26,-0.0,Long,PUT,Normal Market,bullish
اختيارف رويين-12000-14031030,-0.0,Long,PUT,Normal Market,bullish
اختيارف اهرم-22000-1403/11/24,-0.0,Long,PUT,Normal Market,bullish
اختيارف اهرم-14000-1403/10/26,-0.0,Long,PUT,Normal Market,bullish
اختيارف اهرم-18000-1403/11/24,-0.0,Long,PUT,Normal Market,bullish
اختيارف اهرم-26000-1403/10/26,-0.0,Long,PUT,Normal Market,bullish
اختيارف اهرم-24000-1403/11/24,-0.0,Long,PUT,Normal Market,bullish
اختيارف خودرو-3500-1403/11/03,-0.0,Long,PUT,Normal Market,bullish
اختيارف خودرو-3000-1403/11/03,-0.0,Long,PUT,Normal Market,bullish
اختيارف خودرو-2800-1403/11/03,-0.0,Long,PUT,Normal Market,bullish
اختيارف اهرم-30000-1403/09/28,-0.0,Short,PUT,Normal Market,bullish
اختيارف شستا-1650-1403/10/12,-0.0,Short,PUT,Normal Market,bullish
اختيارف ذوب-600-1403/09/28,-0.0,Short,PUT,Normal Market,bullish
اختيارف وبملت-3250-1403/11/24,-0.05088797257722888,Short,PUT,Normal Market,bullish
اختيارف خودران-11000-03/11/28,-0.32096971434682425,Short,PUT,Normal Market,bullish
اختيارف شستا-850-1403/10/12,-99.99829545454546,Short,PUT,Normal Market,bullish
اختيارف شستا-650-1403/10/12,-99.99829545454546,Short,PUT,Normal Market,bullish
اختيارف وبملت-2400-1403/09/28,-100.00075227963526,Short,PUT,Normal Market,bullish
اختيارف ذوب-500-1403/09/28,-100.00449183303085,Short,PUT,Normal Market,bullish
اختيارف توان-18000-14031002,-100.00585908298031,Short,PUT,Normal Market,bullish
اختيارخ ذوب-500-1403/09/28,0.13612130637813263,Long,CALL,Normal Market,bearish
اختيارخ وبملت-3000-1403/09/28,0.1265385612806172,Long,CALL,Normal Market,bearish
اختيارخ وبملت-2800-1403/09/28,0.08503000092588872,Long,CALL,Normal Market,bearish
اختيارخ وبملت-2600-1403/09/28,0.08368769049513859,Long,CALL,Normal Market,bearish
اختيارخ خساپا-2200-1403/11/24,0.06719007827393728,Long,CALL,Normal Market,bearish
اختيارخ رويين-10000-14031030,0.05869967782874748,Long,CALL,Normal Market,bearish
اختيارخ خودرو-2600-1404/01/06,0.0474991632995769,Long,CALL,Normal Market,bearish
اختيارخ وبملت-2200-1403/09/28,0.044213809276295486,Long,CALL,Normal Market,bearish
اختيارخ وبملت-2400-1403/09/28,0.039840748353571195,Long,CALL,Normal Market,bearish
اختيارخ بساما-5413-14040207,0.03883437648822972,Long,CALL,Normal Market,bearish
اختيارخ فولاد-6000-1403/12/01,0.5325984995749872,Short,CALL,Normal Market,bearish
اختيارخ شستا-1550-1403/12/08,0.4577339380500124,Short,CALL,Normal Market,bearish
اختيارخ خودرو-3500-1403/12/01,0.4528591293815684,Short,CALL,Normal Market,bearish
اختيارخ شستا-1450-1403/12/08,0.41969889267230526,Short,CALL,Normal Market,bearish
اختيارخ ذوب-500-1403/11/24,0.4130533750143096,Short,CALL,Normal Market,bearish
اختيارخ فولاد-5500-1403/12/01,0.3984954707180522,Short,CALL,Normal Market,bearish
اختيارخ خگستر-4500-1403/12/01,0.3665839265744531,Short,CALL,Normal Market,bearish
اختيارخ خودرو-3250-1403/12/01,0.33825589507041337,Short,CALL,Normal Market,bearish
اختيارخ خگستر-5000-1403/12/01,0.32584992637349663,Short,CALL,Normal Market,bearish
اختيارخ شستا-1600-1404/01/20,0.3114334627633867,Short,CALL,Normal Market,bearish
اختيارف شستا-950-1403/11/10,-0.0,Long,PUT,Normal Market,bearish
اختيارف خساپا-2400-1403/10/26,-0.0,Long,PUT,Normal Market,bearish
اختيارف شستا-850-1403/11/10,-0.0,Long,PUT,Normal Market,bearish
اختيارف شستا-1050-1403/11/10,-0.0,Long,PUT,Normal Market,bearish
اختيارف خودرو-3000-1403/11/03,-0.0,Long,PUT,Normal Market,bearish
اختيارف رويين-12000-14031030,-0.0,Long,PUT,Normal Market,bearish
اختيارف ذوب-400-1403/11/24,-0.0,Long,PUT,Normal Market,bearish
اختيارف خودرو-3250-1403/11/03,-0.0,Long,PUT,Normal Market,bearish
اختيارف خودرو-3500-1403/11/03,-0.0,Long,PUT,Normal Market,bearish
اختيارف خودرو-2800-1403/11/03,-0.0,Long,PUT,Normal Market,bearish
اختيارف اهرم-30000-1403/09/28,-0.0,Short,PUT,Normal Market,bearish
اختيارف شستا-1650-1403/10/12,-0.0,Short,PUT,Normal Market,bearish
اختيارف ذوب-600-1403/09/28,-0.0,Short,PUT,Normal Market,bearish
اختيارف وبملت-3250-1403/11/24,-0.03758443999150938,Short,PUT,Normal Market,bearish
اختيارف خودران-11000-03/11/28,-0.22903373583375194,Short,PUT,Normal Market,bearish
اختيارف شستا-850-1403/10/12,-99.9987603305785,Short,PUT,Normal Market,bearish
اختيارف شستا-650-1403/10/12,-99.9987603305785,Short,PUT,Normal Market,bearish
اختيارف وبملت-2400-1403/09/28,-100.000547112462,Short,PUT,Normal Market,bearish
اختيارف ذوب-500-1403/09/28,-100.0032667876588,Short,PUT,Normal Market,bearish
اختيارف توان-18000-14031002,-100.0042611512584,Short,PUT,Normal Market,bearish
اختيارخ ذوب-500-1403/09/28,0.15126731455888687,Long,CALL,Normal Market,neutral
اختيارخ وبملت-3000-1403/09/28,0.14079468147078616,Long,CALL,Normal Market,neutral
اختيارخ وبملت-2800-1403/09/28,0.09417643726394752,Long,CALL,Normal Market,neutral
اختيارخ وبملت-2600-1403/09/28,0.0930370288985135,Long,CALL,Normal Market,neutral
اختيارخ خساپا-2200-1403/11/24,0.07495346543939585,Long,CALL,Normal Market,neutral
اختيارخ رويين-10000-14031030,0.06379588521023132,Long,CALL,Normal Market,neutral
اختيارخ خودرو-2600-1404/01/06,0.054642502458912494,Long,CALL,Normal Market,neutral
اختيارخ وبملت-2200-1403/09/28,0.049071221538331725,Long,CALL,Normal Market,neutral
اختيارخ وبملت-2400-1403/09/28,0.044154563325784255,Long,CALL,Normal Market,neutral
اختيارخ بساما-5413-14040207,0.036471058643794144,Long,CALL,Normal Market,neutral
اختيارخ فولاد-6000-1403/12/01,0.4899445561950256,Short,CALL,Normal Market,neutral
اختيارخ خودرو-3750-1403/12/01,0.4639200347164696,Short,CALL,Normal Market,neutral
اختيارخ شستا-1550-1403/12/08,0.4148310246585379,Short,CALL,Normal Market,neutral
اختيارخ خودرو-3500-1403/12/01,0.4088130200160973,Short,CALL,Normal Market,neutral
اختيارخ ذوب-500-1403/11/24,0.3724832899148775,Short,CALL,Normal Market,neutral
اختيارخ شستا-1450-1403/12/08,0.3723263983498684,Short,CALL,Normal Market,neutral
اختيارخ فولاد-5500-1403/12/01,0.357882259942013,Short,CALL,Normal Market,neutral
اختيارخ خگستر-4500-1403/12/01,0.33069272005353295,Short,CALL,Normal Market,neutral
اختيارخ خودرو-3250-1403/12/01,0.3055610427576323,Short,CALL,Normal Market,neutral
اختيارخ اهرم-26000-1403/10/26,0.28310594773764686,Short,CALL,Normal Market,neutral
اختيارف خودرو-3500-1403/11/03,-0.0,Long,PUT,Normal Market,neutral
اختيارف اهرم-20000-1403/10/26,-0.0,Long,PUT,Normal Market,neutral
اختيارف اهرم-22000-1403/10/26,-0.0,Long,PUT,Normal Market,neutral
اختيارف اهرم-24000-1403/10/26,-0.0,Long,PUT,Normal Market,neutral
اختيارف خودرو-3250-1403/11/03,-0.0,Long,PUT,Normal Market,neutral
اختيارف اهرم-24000-1403/11/24,-0.0,Long,PUT,Normal Market,neutral
اختيارف اهرم-22000-1403/11/24,-0.0,Long,PUT,Normal Market,neutral
اختيارف اهرم-18000-1403/11/24,-0.0,Long,PUT,Normal Market,neutral
اختيارف اهرم-18000-1403/10/26,-0.0,Long,PUT,Normal Market,neutral
اختيارف اهرم-16000-1403/10/26,-0.0,Long,PUT,Normal Market,neutral
اختيارف اهرم-30000-1403/09/28,-0.0,Short,PUT,Normal Market,neutral
اختيارف ذوب-600-1403/09/28,-0.0,Short,PUT,Normal Market,neutral
اختيارف شستا-1650-1403/10/12,-0.0,Short,PUT,Normal Market,neutral
اختيارف وبملت-3250-1403/11/24,-0.04722901080453415,Short,PUT,Normal Market,neutral
اختيارف خودران-11000-03/11/28,-0.289600304900681,Short,PUT,Normal Market,neutral
اختيارف رويين-11000-14031226,-97.59444544915442,Short,PUT,Normal Market,neutral
اختيارف شستا-650-1403/10/12,-99.99845041322314,Short,PUT,Normal Market,neutral
اختيارف شستا-850-1403/10/12,-99.99845041322314,Short,PUT,Normal Market,neutral
اختيارف وبملت-2400-1403/09/28,-100.0006838905775,Short,PUT,Normal Market,neutral
اختيارف ذوب-500-1403/09/28,-100.0040834845735,Short,PUT,Normal Market,neutral
اختيارخ ذوب-500-1403/09/28,0.21305847557467128,Long,CALL,Bullish Market,bullish
اختيارخ وبملت-3000-1403/09/28,0.1982088220866003,Long,CALL,Bullish Market,bullish
اختيارخ وبملت-2800-1403/09/28,0.13393729462850779,Long,CALL,Bullish Market,bullish
اختيارخ وبملت-2600-1403/09/28,0.13198297409655887,Long,CALL,Bullish Market,bullish
اختيارخ خساپا-2200-1403/11/24,0.1042308394379381,Long,CALL,Bullish Market,bullish
اختيارخ رويين-10000-14031030,0.08874555165733583,Long,CALL,Bullish Market,bullish
اختيارخ خودرو-2600-1404/01/06,0.0750663525863039,Long,CALL,Bullish Market,bullish
اختيارخ وبملت-2200-1403/09/28,0.07126837757768273,Long,CALL,Bullish Market,bullish
اختيارخ وبملت-2400-1403/09/28,0.06460799497925315,Long,CALL,Bullish Market,bullish
اختيارخ بساما-5413-14040207,0.056236918777276976,Long,CALL,Bullish Market,bullish
اختيارخ فولاد-6000-1403/12/01,0.3523451328512764,Short,CALL,Bullish Market,bullish
اختيارخ خودرو-3500-1403/12/01,0.2986373362039097,Short,CALL,Bullish Market,bullish
اختيارخ شستا-1550-1403/12/08,0.29812843849587306,Short,CALL,Bullish Market,bullish
اختيارخ شستا-1450-1403/12/08,0.27249807888804356,Short,CALL,Bullish Market,bullish
اختيارخ ذوب-500-1403/11/24,0.2696224981645754,Short,CALL,Bullish Market,bullish
اختيارخ فولاد-5500-1403/12/01,0.2600969389550597,Short,CALL,Bullish Market,bullish
اختيارخ خگستر-4500-1403/12/01,0.24049240526977486,Short,CALL,Bullish Market,bullish
اختيارخ خودرو-3250-1403/12/01,0.218165440919927,Short,CALL,Bullish Market,bullish
اختيارخ شستا-1400-1404/01/20,0.20353887405055815,Short,CALL,Bullish Market,bullish
اختيارخ اهرم-26000-1403/10/26,0.2027116350567047,Short,CALL,Bullish Market,bullish
اختيارف اهرم-15000-1403/10/26,-0.0,Long,PUT,Bullish Market,bullish
اختيارف اهرم-14000-1403/10/26,-0.0,Long,PUT,Bullish Market,bullish
اختيارف خودرو-2800-1403/11/03,-0.0,Long,PUT,Bullish Market,bullish
اختيارف خودرو-3000-1403/11/03,-0.0,Long,PUT,Bullish Market,bullish
اختيارف خودرو-3250-1403/11/03,-0.0,Long,PUT,Bullish Market,bullish
اختيارف خودرو-3500-1403/11/03,-0.0,Long,PUT,Bullish Market,bullish
اختيارف اهرم-24000-1403/11/24,-0.0,Long,PUT,Bullish Market,bullish
اختيارف اهرم-22000-1403/11/24,-0.0,Long,PUT,Bullish Market,bullish
اختيارف اهرم-18000-1403/11/24,-0.0,Long,PUT,Bullish Market,bullish
اختيارف اهرم-24000-1403/10/26,-0.0,Long,PUT,Bullish Market,bullish
اختيارف اهرم-30000-1403/09/28,-0.0,Short,PUT,Bullish Market,bullish
اختيارف شستا-1650-1403/10/12,-0.0,Short,PUT,Bullish Market,bullish
اختيارف ذوب-600-1403/09/28,-0.0,Short,PUT,Bullish Market,bullish
اختيارف وبملت-3250-1403/11/24,-0.05691568413929136,Short,PUT,Bullish Market,bullish
اختيارف خودران-11000-03/11/28,-0.35544508687240417,Short,PUT,Bullish Market,bullish
اختيارف شستا-650-1403/10/12,-99.99812073863636,Short,PUT,Bullish Market,bullish
اختيارف شستا-850-1403/10/12,-99.99812073863636,Short,PUT,Bullish Market,bullish
اختيارف وبملت-2400-1403/09/28,-100.00082938829787,Short,PUT,Bullish Market,bullish
اختيارف ذوب-500-1403/09/28,-100.00495224591651,Short,PUT,Bullish Market,bullish
اختيارف توان-18000-14031002,-100.0064596389858,Short,PUT,Bullish Market,bullish
اختيارخ ذوب-500-1403/09/28,0.15918595573608454,Long,CALL,Bullish Market,bearish
اختيارخ وبملت-3000-1403/09/28,0.1487137515725586,Long,CALL,Bullish Market,bearish
اختيارخ وبملت-2800-1403/09/28,0.10025584125243756,Long,CALL,Bullish Market,bearish
اختيارخ وبملت-2600-1403/09/28,0.09890007974920358,Long,CALL,Bullish Market,bearish
اختيارخ خساپا-2200-1403/11/24,0.0794450110620424,Long,CALL,Bullish Market,bearish
اختيارخ رويين-10000-14031030,0.06669181670880231,Long,CALL,Bullish Market,bearish
اختيارخ خودرو-2600-1404/01/06,0.05992098585911172,Long,CALL,Bullish Market,bearish
اختيارخ وبملت-2200-1403/09/28,0.05346999207580994,Long,CALL,Bullish Market,bearish
اختيارخ وبملت-2400-1403/09/28,0.04834571990095935,Long,CALL,Bullish Market,bearish
اختيارخ بساما-5413-14040207,0.03807146849860406,Long,CALL,Bullish Market,bearish
اختيارخ فولاد-6000-1403/12/01,0.4831084205503523,Short,CALL,Bullish Market,bearish
اختيارخ شستا-1550-1403/12/08,0.4077242004383601,Short,CALL,Bullish Market,bearish
اختيارخ خودرو-3500-1403/12/01,0.4058145968912525,Short,CALL,Bullish Market,bearish
اختيارخ شستا-1450-1403/12/08,0.3757205017527297,Short,CALL,Bullish Market,bearish
اختيارخ ذوب-500-1403/11/24,0.3624315158874505,Short,CALL,Bullish Market,bearish
اختيارخ فولاد-5500-1403/12/01,0.3531771638404862,Short,CALL,Bullish Market,bearish
اختيارخ خگستر-4500-1403/12/01,0.332209399812572,Short,CALL,Bullish Market,bearish
اختيارخ خودرو-3250-1403/12/01,0.30717565696973576,Short,CALL,Bullish Market,bearish
اختيارخ اهرم-26000-1403/10/26,0.277657403305212,Short,CALL,Bullish Market,bearish
اختيارخ شستا-1600-1404/01/20,0.2774505231731084,Short,CALL,Bullish Market,bearish
اختيارف نارنج-13000-14031114,-0.0,Long,PUT,Bullish Market,bearish
اختيارف اهرم-15000-1403/10/26,-0.0,Long,PUT,Bullish Market,bearish
اختيارف ذوب-400-1403/11/24,-0.0,Long,PUT,Bullish Market,bearish
اختيارف اهرم-16000-1403/10/26,-0.0,Long,PUT,Bullish Market,bearish
اختيارف شستا-850-1403/11/10,-0.0,Long,PUT,Bullish Market,bearish
اختيارف اهرم-18000-1403/10/26,-0.0,Long,PUT,Bullish Market,bearish
اختيارف اهرم-14000-1403/10/26,-0.0,Long,PUT,Bullish Market,bearish
اختيارف خودرو-3250-1403/11/03,-0.0,Long,PUT,Bullish Market,bearish
اختيارف رويين-12000-14031030,-0.0,Long,PUT,Bullish Market,bearish
اختيارف خساپا-2400-1403/10/26,-0.0,Long,PUT,Bullish Market,bearish
اختيارف رويين-12000-14031226,0.026362456843454687,Short,PUT,Bullish Market,bearish
اختيارف شستا-1650-1403/10/12,-0.0,Short,PUT,Bullish Market,bearish
اختيارف ذوب-600-1403/09/28,-0.0,Short,PUT,Bullish Market,bearish
اختيارف اهرم-30000-1403/09/28,-0.0,Short,PUT,Bullish Market,bearish
اختيارف وبملت-3250-1403/11/24,-0.041407605263599184,Short,PUT,Bullish Market,bearish
اختيارف خودران-11000-03/11/28,-0.2562557473990322,Short,PUT,Bullish Market,bearish
اختيارف شستا-850-1403/10/12,-99.99863326446281,Short,PUT,Bullish Market,bearish
اختيارف شستا-650-1403/10/12,-99.99863326446281,Short,PUT,Bullish Market,bearish
اختيارف وبملت-2400-1403/09/28,-100.00060319148936,Short,PUT,Bullish Market,bearish
اختيارف ذوب-500-1403/09/28,-100.00360163339383,Short,PUT,Bullish Market,bearish
اختيارخ ذوب-500-1403/09/28,0.17721308110488337,Long,CALL,Bullish Market,neutral
اختيارخ وبملت-3000-1403/09/28,0.16471226477672857,Long,CALL,Bullish Market,neutral
اختيارخ وبملت-2800-1403/09/28,0.11176715728740798,Long,CALL,Bullish Market,neutral
اختيارخ وبملت-2600-1403/09/28,0.10979670001830259,Long,CALL,Bullish Market,neutral
اختيارخ خساپا-2200-1403/11/24,0.08572477871117386,Long,CALL,Bullish Market,neutral
اختيارخ رويين-10000-14031030,0.07072638009615691,Long,CALL,Bullish Market,neutral
اختيارخ خودرو-2600-1404/01/06,0.06857676571848224,Long,CALL,Bullish Market,neutral
اختيارخ وبملت-2200-1403/09/28,0.059530125868881525,Long,CALL,Bullish Market,neutral
اختيارخ وبملت-2400-1403/09/28,0.05376775460312515,Long,CALL,Bullish Market,neutral
اختيارخ بساما-5413-14040207,0.0515215515253916,Long,CALL,Bullish Market,neutral
اختيارخ فولاد-6000-1403/12/01,0.43542205224473407,Short,CALL,Bullish Market,neutral
اختيارخ شستا-1550-1403/12/08,0.3730615934496382,Short,CALL,Bullish Market,neutral
اختيارخ خودرو-3500-1403/12/01,0.3654285957272162,Short,CALL,Bullish Market,neutral
اختيارخ شستا-1450-1403/12/08,0.34612279196536766,Short,CALL,Bullish Market,neutral
اختيارخ ذوب-500-1403/11/24,0.3325769091430545,Short,CALL,Bullish Market,neutral
اختيارخ فولاد-5500-1403/12/01,0.3205125759774196,Short,CALL,Bullish Market,neutral
اختيارخ خگستر-4500-1403/12/01,0.3004665305833985,Short,CALL,Bullish Market,neutral
اختيارخ خودرو-3250-1403/12/01,0.27041536158899854,Short,CALL,Bullish Market,neutral
اختيارخ اهرم-26000-1403/11/24,0.2561685482656205,Short,CALL,Bullish Market,neutral
اختيارخ شستا-1600-1404/01/20,0.25356485368511206,Short,CALL,Bullish Market,neutral
اختيارف اهرم-22000-1403/10/26,-0.0,Long,PUT,Bullish Market,neutral
اختيارف اهرم-18000-1403/11/24,-0.0,Long,PUT,Bullish Market,neutral
اختيارف اهرم-22000-1403/11/24,-0.0,Long,PUT,Bullish Market,neutral
اختيارف اهرم-16000-1403/10/26,-0.0,Long,PUT,Bullish Market,neutral
اختيارف اهرم-26000-1403/10/26,-0.0,Long,PUT,Bullish Market,neutral
اختيارف اهرم-20000-1403/10/26,-0.0,Long,PUT,Bullish Market,neutral
اختيارف اهرم-18000-1403/10/26,-0.0,Long,PUT,Bullish Market,neutral
اختيارف اهرم-24000-1403/10/26,-0.0,Long,PUT,Bullish Market,neutral
اختيارف خودرو-3000-1403/11/03,-0.0,Long,PUT,Bullish Market,neutral
اختيارف اهرم-24000-1403/11/24,-0.0,Long,PUT,Bullish Market,neutral
اختيارف رويين-12000-14031226,0.03295118197979788,Short,PUT,Bullish Market,neutral
اختيارف اهرم-30000-1403/09/28,-0.0,Short,PUT,Bullish Market,neutral
اختيارف ذوب-600-1403/09/28,-0.0,Short,PUT,Bullish Market,neutral
اختيارف شستا-1650-1403/10/12,-0.0,Short,PUT,Bullish Market,neutral
اختيارف وبملت-3250-1403/11/24,-0.05186970399997093,Short,PUT,Bullish Market,neutral
اختيارف خودران-11000-03/11/28,-0.32105816652324864,Short,PUT,Bullish Market,neutral
اختيارف شستا-650-1403/10/12,-99.99829158057851,Short,PUT,Bullish Market,neutral
اختيارف شستا-850-1403/10/12,-99.99829158057851,Short,PUT,Bullish Market,neutral
اختيارف وبملت-2400-1403/09/28,-100.0007539893617,Short,PUT,Bullish Market,neutral
اختيارف ذوب-500-1403/09/28,-100.00450204174228,Short,PUT,Bullish Market,neutral
اختيارخ ذوب-500-1403/09/28,0.1716121995173503,Long,CALL,Bearish Market,bullish
اختيارخ وبملت-3000-1403/09/28,0.1606960049777123,Long,CALL,Bearish Market,bullish
اختيارخ وبملت-2800-1403/09/28,0.10741090418102553,Long,CALL,Bearish Market,bullish
اختيارخ وبملت-2600-1403/09/28,0.10612693363511724,Long,CALL,Bearish Market,bullish
اختيارخ خساپا-2200-1403/11/24,0.08230860474434191,Long,CALL,Bearish Market,bullish
اختيارخ رويين-10000-14031030,0.0732715877783767,Long,CALL,Bearish Market,bullish
اختيارخ خودرو-2600-1404/01/06,0.0666729799977871,Long,CALL,Bearish Market,bullish
اختيارخ وبملت-2200-1403/09/28,0.05586905086609753,Long,CALL,Bearish Market,bullish
اختيارخ وبملت-2400-1403/09/28,0.05035293682098746,Long,CALL,Bearish Market,bullish
اختيارخ بساما-5413-14040207,0.04882465067024312,Long,CALL,Bearish Market,bullish
اختيارخ فولاد-6000-1403/12/01,0.4318535054282293,Short,CALL,Bearish Market,bullish
اختيارخ شستا-1550-1403/12/08,0.3666704489238437,Short,CALL,Bearish Market,bullish
اختيارخ خودرو-3500-1403/12/01,0.36342151344281254,Short,CALL,Bearish Market,bullish
اختيارخ شستا-1450-1403/12/08,0.33967224272707375,Short,CALL,Bearish Market,bullish
اختيارخ ذوب-500-1403/11/24,0.33289183315183163,Short,CALL,Bearish Market,bullish
اختيارخ فولاد-5500-1403/12/01,0.31286539496565874,Short,CALL,Bearish Market,bullish
اختيارخ خگستر-4500-1403/12/01,0.29447574093575196,Short,CALL,Bearish Market,bullish
اختيارخ خودرو-3250-1403/12/01,0.2706876320960959,Short,CALL,Bearish Market,bullish
اختيارخ خگستر-5000-1403/12/01,0.2621948359852973,Short,CALL,Bearish Market,bullish
اختيارخ شستا-1600-1404/01/20,0.25065134154179497,Short,CALL,Bearish Market,bullish
اختيارف اهرم-18000-1403/10/26,-0.0,Long,PUT,Bearish Market,bullish
اختيارف اهرم-20000-1403/10/26,-0.0,Long,PUT,Bearish Market,bullish
اختيارف اهرم-22000-1403/10/26,-0.0,Long,PUT,Bearish Market,bullish
اختيارف اهرم-16000-1403/10/26,-0.0,Long,PUT,Bearish Market,bullish
اختيارف اهرم-15000-1403/10/26,-0.0,Long,PUT,Bearish Market,bullish
اختيارف اهرم-14000-1403/10/26,-0.0,Long,PUT,Bearish Market,bullish
اختيارف ذوب-400-1403/11/24,-0.0,Long,PUT,Bearish Market,bullish
اختيارف اهرم-24000-1403/10/26,-0.0,Long,PUT,Bearish Market,bullish
اختيارف شستا-950-1403/11/10,-0.0,Long,PUT,Bearish Market,bullish
اختيارف اهرم-26000-1403/10/26,-0.0,Long,PUT,Bearish Market,bullish
اختيارف اهرم-30000-1403/09/28,-0.0,Short,PUT,Bearish Market,bullish
اختيارف ذوب-600-1403/09/28,-0.0,Short,PUT,Bearish Market,bullish
اختيارف شستا-1650-1403/10/12,-0.0,Short,PUT,Bearish Market,bullish
اختيارف وبملت-3250-1403/11/24,-0.04654229238835727,Short,PUT,Bearish Market,bullish
اختيارف خودران-11000-03/11/28,-0.29011272512333136,Short,PUT,Bearish Market,bullish
اختيارف شستا-850-1403/10/12,-99.99846590909091,Short,PUT,Bearish Market,bullish
اختيارف شستا-650-1403/10/12,-99.99846590909091,Short,PUT,Bearish Market,bullish
اختيارف وبملت-2400-1403/09/28,-100.00067705167173,Short,PUT,Bearish Market,bullish
اختيارف ذوب-500-1403/09/28,-100.00404264972777,Short,PUT,Bearish Market,bullish
اختيارف توان-18000-14031002,-100.00527317468229,Short,PUT,Bearish Market,bullish
اختيارخ ذوب-500-1403/09/28,0.1289267184577178,Long,CALL,Bearish Market,bearish
اختيارخ وبملت-3000-1403/09/28,0.12035392147781081,Long,CALL,Bearish Market,bearish
اختيارخ وبملت-2800-1403/09/28,0.08065495514101893,Long,CALL,Bearish Market,bearish
اختيارخ وبملت-2600-1403/09/28,0.07953523992958306,Long,CALL,Bearish Market,bearish
اختيارخ خساپا-2200-1403/11/24,0.06346470369718726,Long,CALL,Bearish Market,bearish
اختيارخ رويين-10000-14031030,0.054473813857359964,Long,CALL,Bearish Market,bearish
اختيارخ خودرو-2600-1404/01/06,0.05180841889115645,Long,CALL,Bearish Market,bearish
اختيارخ وبملت-2200-1403/09/28,0.04194991473439557,Long,CALL,Bearish Market,bearish
اختيارخ بساما-5413-14040207,0.04005376079070578,Long,CALL,Bearish Market,bearish
اختيارخ وبملت-2400-1403/09/28,0.0378445041030949,Long,CALL,Bearish Market,bearish
اختيارخ فولاد-6000-1403/12/01,0.5924020809335131,Short,CALL,Bearish Market,bearish
اختيارخ شستا-1550-1403/12/08,0.5040258320035074,Short,CALL,Bearish Market,bearish
اختيارخ خودرو-3500-1403/12/01,0.49379516897587383,Short,CALL,Bearish Market,bearish
اختيارخ شستا-1450-1403/12/08,0.46692938757626845,Short,CALL,Bearish Market,bearish
اختيارخ ذوب-500-1403/11/24,0.4522339170967851,Short,CALL,Bearish Market,bearish
اختيارخ فولاد-5500-1403/12/01,0.4307298988951565,Short,CALL,Bearish Market,bearish
اختيارخ خگستر-4500-1403/12/01,0.41319840603539615,Short,CALL,Bearish Market,bearish
اختيارخ خودرو-3250-1403/12/01,0.38112243867514456,Short,CALL,Bearish Market,bearish
اختيارخ خگستر-5000-1403/12/01,0.35926599291499905,Short,CALL,Bearish Market,bearish
اختيارخ شستا-1600-1404/01/20,0.3456539179010994,Short,CALL,Bearish Market,bearish
اختيارف شستا-850-1403/11/10,-0.0,Long,PUT,Bearish Market,bearish
اختيارف اهرم-26000-1403/10/26,-0.0,Long,PUT,Bearish Market,bearish
اختيارف شستا-950-1403/11/10,-0.0,Long,PUT,Bearish Market,bearish
اختيارف شستا-1050-1403/11/10,-0.0,Long,PUT,Bearish Market,bearish
اختيارف رويين-12000-14031030,-0.0,Long,PUT,Bearish Market,bearish
اختيارف ذوب-400-1403/11/24,-0.0,Long,PUT,Bearish Market,bearish
اختيارف اهرم-14000-1403/10/26,-0.0,Long,PUT,Bearish Market,bearish
اختيارف اهرم-15000-1403/10/26,-0.0,Long,PUT,Bearish Market,bearish
اختيارف خودرو-2800-1403/11/03,-0.0,Long,PUT,Bearish Market,bearish
اختيارف اهرم-16000-1403/10/26,-0.0,Long,PUT,Bearish Market,bearish
اختيارف شستا-1650-1403/10/12,-0.0,Short,PUT,Bearish Market,bearish
اختيارف اهرم-30000-1403/09/28,-0.0,Short,PUT,Bearish Market,bearish
اختيارف ذوب-600-1403/09/28,-0.0,Short,PUT,Bearish Market,bearish
اختيارف وبملت-3250-1403/11/24,-0.03334840566194942,Short,PUT,Bearish Market,bearish
اختيارف خودران-11000-03/11/28,-0.20833616142882264,Short,PUT,Bearish Market,bearish
اختيارف شستا-650-1403/10/12,-99.99888429752066,Short,PUT,Bearish Market,bearish
اختيارف شستا-850-1403/10/12,-99.99888429752066,Short,PUT,Bearish Market,bearish
اختيارف وبملت-2400-1403/09/28,-100.00049240121581,Short,PUT,Bearish Market,bearish
اختيارف ذوب-500-1403/09/28,-100.00294010889293,Short,PUT,Bearish Market,bearish
اختيارف توان-18000-14031002,-100.00383503613257,Short,PUT,Bearish Market,bearish
اختيارخ ذوب-500-1403/09/28,0.14322060833859887,Long,CALL,Bearish Market,neutral
اختيارخ وبملت-3000-1403/09/28,0.13370541547865075,Long,CALL,Bearish Market,neutral
اختيارخ وبملت-2800-1403/09/28,0.0895644294391694,Long,CALL,Bearish Market,neutral
اختيارخ وبملت-2600-1403/09/28,0.08816610567414115,Long,CALL,Bearish Market,neutral
اختيارخ خساپا-2200-1403/11/24,0.06912963938374685,Long,CALL,Bearish Market,neutral
اختيارخ رويين-10000-14031030,0.05857788635483934,Long,CALL,Bearish Market,neutral
اختيارخ خودرو-2600-1404/01/06,0.04763876084546534,Long,CALL,Bearish Market,neutral
اختيارخ وبملت-2200-1403/09/28,0.04669122819095042,Long,CALL,Bearish Market,neutral
اختيارخ وبملت-2400-1403/09/28,0.0419674254798357,Long,CALL,Bearish Market,neutral
اختيارخ بساما-5413-14040207,0.03466234955388551,Long,CALL,Bearish Market,neutral
اختيارخ فولاد-6000-1403/12/01,0.5437228189122358,Short,CALL,Bearish Market,neutral
اختيارخ شستا-1550-1403/12/08,0.45602521883916364,Short,CALL,Bearish Market,neutral
اختيارخ خودرو-3500-1403/12/01,0.448420244323934,Short,CALL,Bearish Market,neutral
اختيارخ شستا-1450-1403/12/08,0.41814596362175704,Short,CALL,Bearish Market,neutral
اختيارخ ذوب-500-1403/11/24,0.4116406334746084,Short,CALL,Bearish Market,neutral
اختيارخ فولاد-5500-1403/12/01,0.39690636471591506,Short,CALL,Bearish Market,neutral
اختيارخ خگستر-4500-1403/12/01,0.36884044224440526,Short,CALL,Bearish Market,neutral
اختيارخ خگستر-5000-1403/12/01,0.3264757918526309,Short,CALL,Bearish Market,neutral
اختيارخ خودرو-3250-1403/12/01,0.32588337384622695,Short,CALL,Bearish Market,neutral
اختيارخ شستا-1400-1404/01/20,0.31369140530581674,Short,CALL,Bearish Market,neutral
اختيارف اهرم-14000-1403/10/26,-0.0,Long,PUT,Bearish Market,neutral
اختيارف شستا-850-1403/11/10,-0.0,Long,PUT,Bearish Market,neutral
اختيارف ذوب-400-1403/11/24,-0.0,Long,PUT,Bearish Market,neutral
اختيارف شستا-1050-1403/11/10,-0.0,Long,PUT,Bearish Market,neutral
اختيارف شستا-950-1403/11/10,-0.0,Long,PUT,Bearish Market,neutral
اختيارف اهرم-15000-1403/10/26,-0.0,Long,PUT,Bearish Market,neutral
اختيارف اهرم-16000-1403/10/26,-0.0,Long,PUT,Bearish Market,neutral
اختيارف اهرم-24000-1403/10/26,-0.0,Long,PUT,Bearish Market,neutral
اختيارف اهرم-22000-1403/10/26,-0.0,Long,PUT,Bearish Market,neutral
اختيارف اهرم-20000-1403/10/26,-0.0,Long,PUT,Bearish Market,neutral
اختيارف اهرم-30000-1403/09/28,-0.0,Short,PUT,Bearish Market,neutral
اختيارف ذوب-600-1403/09/28,-0.0,Short,PUT,Bearish Market,neutral
اختيارف شستا-1650-1403/10/12,-0.0,Short,PUT,Bearish Market,neutral
اختيارف وبملت-3250-1403/11/24,-0.0422916228684067,Short,PUT,Bearish Market,neutral
اختيارف خودران-11000-03/11/28,-0.26422193625421814,Short,PUT,Bearish Market,neutral
اختيارف شستا-650-1403/10/12,-99.99860537190082,Short,PUT,Bearish Market,neutral
اختيارف شستا-850-1403/10/12,-99.99860537190082,Short,PUT,Bearish Market,neutral
اختيارف وبملت-2400-1403/09/28,-100.00061550151976,Short,PUT,Bearish Market,neutral
اختيارف ذوب-500-1403/09/28,-100.00367513611616,Short,PUT,Bearish Market,neutral
اختيارف توان-18000-14031002,-100.00479379516571,Short,PUT,Bearish Market,neutral
اختيارخ ذوب-500-1403/09/28,0.18050977763360745,Long,CALL,High Volatility,bullish
اختيارخ وبملت-3000-1403/09/28,0.16920226033388913,Long,CALL,High Volatility,bullish
اختيارخ وبملت-2800-1403/09/28,0.11314205516706201,Long,CALL,High Volatility,bullish
اختيارخ وبملت-2600-1403/09/28,0.11128476383237666,Long,CALL,High Volatility,bullish
اختيارخ خساپا-2200-1403/11/24,0.09037845328461247,Long,CALL,High Volatility,bullish
اختيارخ رويين-10000-14031030,0.07395260273550988,Long,CALL,High Volatility,bullish
اختيارخ خودرو-2600-1404/01/06,0.06615406945489323,Long,CALL,High Volatility,bullish
اختيارخ وبملت-2200-1403/09/28,0.05912472181273381,Long,CALL,High Volatility,bullish
اختيارخ وبملت-2400-1403/09/28,0.05304755492271338,Long,CALL,High Volatility,bullish
اختيارخ بساما-5413-14040207,0.052926072214703815,Long,CALL,High Volatility,bullish
اختيارخ فولاد-6000-1403/12/01,0.4124535420154152,Short,CALL,High Volatility,bullish
اختيارخ شستا-1550-1403/12/08,0.34638941222179476,Short,CALL,High Volatility,bullish
اختيارخ خودرو-3500-1403/12/01,0.3415619492548884,Short,CALL,High Volatility,bullish
اختيارخ شستا-1450-1403/12/08,0.32032792767808216,Short,CALL,High Volatility,bullish
اختيارخ ذوب-500-1403/11/24,0.31314875581942847,Short,CALL,High Volatility,bullish
اختيارخ فولاد-5500-1403/12/01,0.3028265824515302,Short,CALL,High Volatility,bullish
اختيارخ خگستر-4500-1403/12/01,0.2775658777216436,Short,CALL,High Volatility,bullish
اختيارخ خودرو-3250-1403/12/01,0.25883155750965825,Short,CALL,High Volatility,bullish
اختيارخ خگستر-5000-1403/12/01,0.24774558468815797,Short,CALL,High Volatility,bullish
اختيارخ شستا-1600-1404/01/20,0.2377068458663113,Short,CALL,High Volatility,bullish
اختيارف اهرم-22000-1403/11/24,-0.0,Long,PUT,High Volatility,bullish
اختيارف شستا-1050-1403/11/10,-0.0,Long,PUT,High Volatility,bullish
اختيارف رويين-12000-14031030,-0.0,Long,PUT,High Volatility,bullish
اختيارف اهرم-24000-1403/10/26,-0.0,Long,PUT,High Volatility,bullish
اختيارف اهرم-18000-1403/11/24,-0.0,Long,PUT,High Volatility,bullish
اختيارف اهرم-22000-1403/10/26,-0.0,Long,PUT,High Volatility,bullish
اختيارف اهرم-20000-1403/10/26,-0.0,Long,PUT,High Volatility,bullish
اختيارف خودرو-3000-1403/11/03,-0.0,Long,PUT,High Volatility,bullish
اختيارف خودرو-3250-1403/11/03,-0.0,Long,PUT,High Volatility,bullish
اختيارف خودرو-3500-1403/11/03,-0.0,Long,PUT,High Volatility,bullish
اختيارف ذوب-600-1403/09/28,-0.0,Short,PUT,High Volatility,bullish
اختيارف اهرم-30000-1403/09/28,-0.0,Short,PUT,High Volatility,bullish
اختيارف شستا-1650-1403/10/12,-0.0,Short,PUT,High Volatility,bullish
اختيارف وبملت-3250-1403/11/24,-0.05394766998659525,Short,PUT,High Volatility,bullish
اختيارف خودران-11000-03/11/28,-0.331795659297828,Short,PUT,High Volatility,bullish
اختيارف شستا-650-1403/10/12,-99.99821022727272,Short,PUT,High Volatility,bullish
اختيارف شستا-850-1403/10/12,-99.99821022727272,Short,PUT,High Volatility,bullish
اختيارف وبملت-2400-1403/09/28,-100.00078989361702,Short,PUT,High Volatility,bullish
اختيارف ذوب-500-1403/09/28,-100.0047164246824,Short,PUT,High Volatility,bullish
اختيارف توان-18000-14031002,-100.00615203712933,Short,PUT,High Volatility,bullish
اختيارخ ذوب-500-1403/09/28,0.13577840942374758,Long,CALL,High Volatility,bearish
اختيارخ وبملت-3000-1403/09/28,0.12654241058872703,Long,CALL,High Volatility,bearish
اختيارخ وبملت-2800-1403/09/28,0.08474730702246848,Long,CALL,High Volatility,bearish
اختيارخ وبملت-2600-1403/09/28,0.0837531209816348,Long,CALL,High Volatility,bearish
اختيارخ خساپا-2200-1403/11/24,0.06668396249806618,Long,CALL,High Volatility,bearish
اختيارخ رويين-10000-14031030,0.05648904954173798,Long,CALL,High Volatility,bearish
اختيارخ خودرو-2600-1404/01/06,0.050631087018876114,Long,CALL,High Volatility,bearish
اختيارخ وبملت-2200-1403/09/28,0.04430144661471924,Long,CALL,High Volatility,bearish
اختيارخ بساما-5413-14040207,0.043505368094027906,Long,CALL,High Volatility,bearish
اختيارخ وبملت-2400-1403/09/28,0.039740960507304524,Long,CALL,High Volatility,bearish
اختيارخ فولاد-6000-1403/12/01,0.5652365401802096,Short,CALL,High Volatility,bearish
اختيارخ شستا-1550-1403/12/08,0.4803178327946129,Short,CALL,High Volatility,bearish
اختيارخ خودرو-3500-1403/12/01,0.4752407208385476,Short,CALL,High Volatility,bearish
اختيارخ شستا-1450-1403/12/08,0.43139523509588235,Short,CALL,High Volatility,bearish
اختيارخ ذوب-500-1403/11/24,0.4234360334886861,Short,CALL,High Volatility,bearish
اختيارخ فولاد-5500-1403/12/01,0.4155019964180143,Short,CALL,High Volatility,bearish
اختيارخ خگستر-4500-1403/12/01,0.39224992208757375,Short,CALL,High Volatility,bearish
اختيارخ خودرو-3250-1403/12/01,0.34851033191153574,Short,CALL,High Volatility,bearish
اختيارخ خگستر-5000-1403/12/01,0.34291846080897537,Short,CALL,High Volatility,bearish
اختيارخ شستا-1400-1404/01/20,0.337590757356268,Short,CALL,High Volatility,bearish
اختيارف خساپا-2400-1403/10/26,-0.0,Long,PUT,High Volatility,bearish
اختيارف شستا-950-1403/11/10,-0.0,Long,PUT,High Volatility,bearish
اختيارف شستا-1050-1403/11/10,-0.0,Long,PUT,High Volatility,bearish
اختيارف نارنج-13000-14031114,-0.0,Long,PUT,High Volatility,bearish
اختيارف ذوب-400-1403/11/24,-0.0,Long,PUT,High Volatility,bearish
اختيارف رويين-12000-14031030,-0.0,Long,PUT,High Volatility,bearish
اختيارف شستا-850-1403/11/10,-0.0,Long,PUT,High Volatility,bearish
اختيارف اهرم-18000-1403/10/26,-0.0,Long,PUT,High Volatility,bearish
اختيارف خودرو-2800-1403/11/03,-0.0,Long,PUT,High Volatility,bearish
اختيارف اهرم-16000-1403/10/26,-0.0,Long,PUT,High Volatility,bearish
اختيارف شستا-1650-1403/10/12,-0.0,Short,PUT,High Volatility,bearish
اختيارف ذوب-600-1403/09/28,-0.0,Short,PUT,High Volatility,bearish
اختيارف اهرم-30000-1403/09/28,-0.0,Short,PUT,High Volatility,bearish
اختيارف وبملت-3250-1403/11/24,-0.03929452663315222,Short,PUT,High Volatility,bearish
اختيارف خودران-11000-03/11/28,-0.2455344851357777,Short,PUT,High Volatility,bearish
اختيارف شستا-850-1403/10/12,-99.99869834710744,Short,PUT,High Volatility,bearish
اختيارف شستا-650-1403/10/12,-99.99869834710744,Short,PUT,High Volatility,bearish
اختيارف وبملت-2400-1403/09/28,-100.0005744680851,Short,PUT,High Volatility,bearish
اختيارف ذوب-500-1403/09/28,-100.00343012704174,Short,PUT,High Volatility,bearish
اختيارف توان-18000-14031002,-100.00447420882134,Short,PUT,High Volatility,bearish
اختيارخ ذوب-500-1403/09/28,0.1508661210211038,Long,CALL,High Volatility,neutral
اختيارخ وبملت-3000-1403/09/28,0.14058894387136073,Long,CALL,High Volatility,neutral
اختيارخ وبملت-2800-1403/09/28,0.09431489705412384,Long,CALL,High Volatility,neutral
اختيارخ وبملت-2600-1403/09/28,0.09282884224739295,Long,CALL,High Volatility,neutral
اختيارخ خساپا-2200-1403/11/24,0.07388753031908189,Long,CALL,High Volatility,neutral
اختيارخ رويين-10000-14031030,0.06503793778120279,Long,CALL,High Volatility,neutral
اختيارخ خودرو-2600-1404/01/06,0.05921636096114873,Long,CALL,High Volatility,neutral
اختيارخ وبملت-2200-1403/09/28,0.04909421581328133,Long,CALL,High Volatility,neutral
اختيارخ وبملت-2400-1403/09/28,0.044252336849495436,Long,CALL,High Volatility,neutral
اختيارخ بساما-5413-14040207,0.04199001388445924,Long,CALL,High Volatility,neutral
اختيارخ فولاد-6000-1403/12/01,0.5164947842704971,Short,CALL,High Volatility,neutral
اختيارخ شستا-1550-1403/12/08,0.43407987574924817,Short,CALL,High Volatility,neutral
اختيارخ خودرو-3500-1403/12/01,0.42946123380231593,Short,CALL,High Volatility,neutral
اختيارخ شستا-1450-1403/12/08,0.3960152528003685,Short,CALL,High Volatility,neutral
اختيارخ ذوب-500-1403/11/24,0.3905429853638415,Short,CALL,High Volatility,neutral
اختيارخ فولاد-5500-1403/12/01,0.3777444167577021,Short,CALL,High Volatility,neutral
اختيارخ خگستر-4500-1403/12/01,0.345275027889253,Short,CALL,High Volatility,neutral
اختيارخ خودرو-3250-1403/12/01,0.3141755928729897,Short,CALL,High Volatility,neutral
اختيارخ خگستر-5000-1403/12/01,0.3115108499658138,Short,CALL,High Volatility,neutral
اختيارخ شستا-1400-1404/01/20,0.30443784643393385,Short,CALL,High Volatility,neutral
اختيارف اهرم-18000-1403/11/24,-0.0,Long,PUT,High Volatility,neutral
اختيارف اهرم-14000-1403/10/26,-0.0,Long,PUT,High Volatility,neutral
اختيارف اهرم-22000-1403/11/24,-0.0,Long,PUT,High Volatility,neutral
اختيارف اهرم-15000-1403/10/26,-0.0,Long,PUT,High Volatility,neutral
اختيارف خودرو-2800-1403/11/03,-0.0,Long,PUT,High Volatility,neutral
اختيارف خودرو-3500-1403/11/03,-0.0,Long,PUT,High Volatility,neutral
اختيارف اهرم-22000-1403/10/26,-0.0,Long,PUT,High Volatility,neutral
اختيارف خودرو-3250-1403/11/03,-0.0,Long,PUT,High Volatility,neutral
اختيارف اهرم-20000-1403/10/26,-0.0,Long,PUT,High Volatility,neutral
اختيارف اهرم-24000-1403/10/26,-0.0,Long,PUT,High Volatility,neutral
اختيارف اهرم-30000-1403/09/28,-0.0,Short,PUT,High Volatility,neutral
اختيارف شستا-1650-1403/10/12,-0.0,Short,PUT,High Volatility,neutral
اختيارف ذوب-600-1403/09/28,-0.0,Short,PUT,High Volatility,neutral
اختيارف وبملت-3250-1403/11/24,-0.0490858429119399,Short,PUT,High Volatility,neutral
اختيارف خودران-11000-03/11/28,-0.30351682513375244,Short,PUT,High Volatility,neutral
اختيارف شستا-650-1403/10/12,-99.9983729338843,Short,PUT,High Volatility,neutral
اختيارف شستا-850-1403/10/12,-99.9983729338843,Short,PUT,High Volatility,neutral
اختيارف وبملت-2400-1403/09/28,-100.00071808510639,Short,PUT,High Volatility,neutral
اختيارف ذوب-500-1403/09/28,-100.00428765880218,Short,PUT,High Volatility,neutral
اختيارف توان-18000-14031002,-100.00559276102666,Short,PUT,High Volatility,neutral
اختيارخ ذوب-500-1403/09/28,0.18106974501044537,Long,CALL,Low Volatility,bullish
اختيارخ وبملت-3000-1403/09/28,0.1685098928278307,Long,CALL,Low Volatility,bullish
اختيارخ وبملت-2800-1403/09/28,0.11300757903127889,Long,CALL,Low Volatility,bullish
اختيارخ وبملت-2600-1403/09/28,0.11156421787112585,Long,CALL,Low Volatility,bullish
اختيارخ خساپا-2200-1403/11/24,0.08920006007551283,Long,CALL,Low Volatility,bullish
اختيارخ رويين-10000-14031030,0.07297272216063962,Long,CALL,Low Volatility,bullish
اختيارخ خودرو-2600-1404/01/06,0.06549300862322306,Long,CALL,Low Volatility,bullish
اختيارخ وبملت-2200-1403/09/28,0.059039105979566936,Long,CALL,Low Volatility,bullish
اختيارخ وبملت-2400-1403/09/28,0.05313800465269832,Long,CALL,Low Volatility,bullish
اختيارخ بساما-5413-14040207,0.05055611628342695,Long,CALL,Low Volatility,bullish
اختيارخ فولاد-6000-1403/12/01,0.3915598481712396,Short,CALL,Low Volatility,bullish
اختيارخ شستا-1550-1403/12/08,0.32981835563726636,Short,CALL,Low Volatility,bullish
اختيارخ خودرو-3500-1403/12/01,0.3272743944731281,Short,CALL,Low Volatility,bullish
اختيارخ شستا-1450-1403/12/08,0.31420270657445765,Short,CALL,Low Volatility,bullish
اختيارخ ذوب-500-1403/11/24,0.2991812920911969,Short,CALL,Low Volatility,bullish
اختيارخ فولاد-5500-1403/12/01,0.29242068504557545,Short,CALL,Low Volatility,bullish
اختيارخ خگستر-4500-1403/12/01,0.26882916362528997,Short,CALL,Low Volatility,bullish
اختيارخ خودرو-3250-1403/12/01,0.25071751626731636,Short,CALL,Low Volatility,bullish
اختيارخ خگستر-5000-1403/12/01,0.23592784431293087,Short,CALL,Low Volatility,bullish
اختيارخ شستا-1600-1404/01/20,0.22858643993938565,Short,CALL,Low Volatility,bullish
اختيارف اهرم-15000-1403/10/26,-0.0,Long,PUT,Low Volatility,bullish
اختيارف اهرم-14000-1403/10/26,-0.0,Long,PUT,Low Volatility,bullish
اختيارف شستا-850-1403/11/10,-0.0,Long,PUT,Low Volatility,bullish
اختيارف خساپا-2400-1403/10/26,-0.0,Long,PUT,Low Volatility,bullish
اختيارف اهرم-16000-1403/10/26,-0.0,Long,PUT,Low Volatility,bullish
اختيارف ذوب-400-1403/11/24,-0.0,Long,PUT,Low Volatility,bullish
اختيارف نارنج-13000-14031114,-0.0,Long,PUT,Low Volatility,bullish
اختيارف اهرم-22000-1403/11/24,-0.0,Long,PUT,Low Volatility,bullish
اختيارف اهرم-18000-1403/11/24,-0.0,Long,PUT,Low Volatility,bullish
اختيارف اهرم-26000-1403/10/26,-0.0,Long,PUT,Low Volatility,bullish
اختيارف اهرم-30000-1403/09/28,-0.0,Short,PUT,Low Volatility,bullish
اختيارف ذوب-600-1403/09/28,-0.0,Short,PUT,Low Volatility,bullish
اختيارف شستا-1650-1403/10/12,-0.0,Short,PUT,Low Volatility,bullish
اختيارف وبملت-3250-1403/11/24,-0.05134208602317577,Short,PUT,Low Volatility,bullish
اختيارف خودران-11000-03/11/28,-0.31806115031177595,Short,PUT,Low Volatility,bullish
اختيارف شستا-650-1403/10/12,-99.99829545454546,Short,PUT,Low Volatility,bullish
اختيارف شستا-850-1403/10/12,-99.99829545454546,Short,PUT,Low Volatility,bullish
اختيارف وبملت-2400-1403/09/28,-100.00075227963526,Short,PUT,Low Volatility,bullish
اختيارف ذوب-500-1403/09/28,-100.00449183303085,Short,PUT,Low Volatility,bullish
اختيارف توان-18000-14031002,-100.00585908298031,Short,PUT,Low Volatility,bullish
اختيارخ ذوب-500-1403/09/28,0.13582439889631231,Long,CALL,Low Volatility,bearish
اختيارخ وبملت-3000-1403/09/28,0.12674129524946734,Long,CALL,Low Volatility,bearish
اختيارخ وبملت-2800-1403/09/28,0.0847809765188589,Long,CALL,Low Volatility,bearish
اختيارخ وبملت-2600-1403/09/28,0.08353418497202672,Long,CALL,Low Volatility,bearish
اختيارخ خساپا-2200-1403/11/24,0.06848299422537618,Long,CALL,Low Volatility,bearish
اختيارخ رويين-10000-14031030,0.05633532344007311,Long,CALL,Low Volatility,bearish
اختيارخ خودرو-2600-1404/01/06,0.05017312285550031,Long,CALL,Low Volatility,bearish
اختيارخ وبملت-2200-1403/09/28,0.04425816498671689,Long,CALL,Low Volatility,bearish
اختيارخ وبملت-2400-1403/09/28,0.03969118984867636,Long,CALL,Low Volatility,bearish
اختيارخ بساما-5413-14040207,0.03964265115163766,Long,CALL,Low Volatility,bearish
اختيارخ فولاد-6000-1403/12/01,0.5353423025158824,Short,CALL,Low Volatility,bearish
اختيارخ خودرو-3500-1403/12/01,0.45401786916310205,Short,CALL,Low Volatility,bearish
اختيارخ شستا-1550-1403/12/08,0.45392570273726845,Short,CALL,Low Volatility,bearish
اختيارخ شستا-1450-1403/12/08,0.4213798799688719,Short,CALL,Low Volatility,bearish
اختيارخ ذوب-500-1403/11/24,0.4116365896809775,Short,CALL,Low Volatility,bearish
اختيارخ فولاد-5500-1403/12/01,0.39227914584072465,Short,CALL,Low Volatility,bearish
اختيارخ خگستر-4500-1403/12/01,0.3689579836884185,Short,CALL,Low Volatility,bearish
اختيارخ خودرو-3250-1403/12/01,0.3358485656402455,Short,CALL,Low Volatility,bearish
اختيارخ خگستر-5000-1403/12/01,0.3262184765980997,Short,CALL,Low Volatility,bearish
اختيارخ شستا-1600-1404/01/20,0.31230834934819035,Short,CALL,Low Volatility,bearish
اختيارف شستا-1050-1403/11/10,-0.0,Long,PUT,Low Volatility,bearish
اختيارف شستا-950-1403/11/10,-0.0,Long,PUT,Low Volatility,bearish
اختيارف شستا-850-1403/11/10,-0.0,Long,PUT,Low Volatility,bearish
اختيارف رويين-12000-14031030,-0.0,Long,PUT,Low Volatility,bearish
اختيارف نارنج-13000-14031114,-0.0,Long,PUT,Low Volatility,bearish
اختيارف ذوب-400-1403/11/24,-0.0,Long,PUT,Low Volatility,bearish
اختيارف اهرم-15000-1403/10/26,-0.0,Long,PUT,Low Volatility,bearish
اختيارف خودرو-3500-1403/11/03,-0.0,Long,PUT,Low Volatility,bearish
اختيارف اهرم-16000-1403/10/26,-0.0,Long,PUT,Low Volatility,bearish
اختيارف خودرو-3250-1403/11/03,-0.0,Long,PUT,Low Volatility,bearish
اختيارف اهرم-30000-1403/09/28,-0.0,Short,PUT,Low Volatility,bearish
اختيارف ذوب-600-1403/09/28,-0.0,Short,PUT,Low Volatility,bearish
اختيارف شستا-1650-1403/10/12,-0.0,Short,PUT,Low Volatility,bearish
اختيارف وبملت-3250-1403/11/24,-0.03709411346201682,Short,PUT,Low Volatility,bearish
اختيارف خودران-11000-03/11/28,-0.23146170112627515,Short,PUT,Low Volatility,bearish
اختيارف شستا-850-1403/10/12,-99.9987603305785,Short,PUT,Low Volatility,bearish
اختيارف شستا-650-1403/10/12,-99.9987603305785,Short,PUT,Low Volatility,bearish
اختيارف وبملت-2400-1403/09/28,-100.000547112462,Short,PUT,Low Volatility,bearish
اختيارف ذوب-500-1403/09/28,-100.0032667876588,Short,PUT,Low Volatility,bearish
اختيارف توان-18000-14031002,-100.0042611512584,Short,PUT,Low Volatility,bearish
اختيارخ ذوب-500-1403/09/28,0.15093833831859493,Long,CALL,Low Volatility,neutral
اختيارخ وبملت-3000-1403/09/28,0.14049609505002086,Long,CALL,Low Volatility,neutral
اختيارخ وبملت-2800-1403/09/28,0.09461429918551757,Long,CALL,Low Volatility,neutral
اختيارخ وبملت-2600-1403/09/28,0.09288651795861479,Long,CALL,Low Volatility,neutral
اختيارخ خساپا-2200-1403/11/24,0.0747805600063967,Long,CALL,Low Volatility,neutral
اختيارخ رويين-10000-14031030,0.06466400215431123,Long,CALL,Low Volatility,neutral
اختيارخ خودرو-2600-1404/01/06,0.05450376438727273,Long,CALL,Low Volatility,neutral
اختيارخ وبملت-2200-1403/09/28,0.04897441889702045,Long,CALL,Low Volatility,neutral
اختيارخ بساما-5413-14040207,0.0446299708946531,Long,CALL,Low Volatility,neutral
اختيارخ وبملت-2400-1403/09/28,0.04423294521555672,Long,CALL,Low Volatility,neutral
اختيارخ فولاد-6000-1403/12/01,0.49245998738989716,Short,CALL,Low Volatility,neutral
اختيارخ شستا-1550-1403/12/08,0.4144792131740519,Short,CALL,Low Volatility,neutral
اختيارخ خودرو-3500-1403/12/01,0.40931132199358145,Short,CALL,Low Volatility,neutral
اختيارخ شستا-1450-1403/12/08,0.37867443894092856,Short,CALL,Low Volatility,neutral
اختيارخ ذوب-500-1403/11/24,0.3672871139218282,Short,CALL,Low Volatility,neutral
اختيارخ فولاد-5500-1403/12/01,0.36149952904462723,Short,CALL,Low Volatility,neutral
اختيارخ خگستر-4500-1403/12/01,0.3375066152156316,Short,CALL,Low Volatility,neutral
اختيارخ خودرو-3250-1403/12/01,0.30293315597461346,Short,CALL,Low Volatility,neutral
اختيارخ اهرم-26000-1403/10/26,0.2829244941116187,Short,CALL,Low Volatility,neutral
اختيارخ شستا-1600-1404/01/20,0.28062194211018143,Short,CALL,Low Volatility,neutral
اختيارف اهرم-24000-1403/11/24,-0.0,Long,PUT,Low Volatility,neutral
اختيارف خودرو-3500-1403/11/03,-0.0,Long,PUT,Low Volatility,neutral
اختيارف خودرو-3250-1403/11/03,-0.0,Long,PUT,Low Volatility,neutral
اختيارف ذوب-400-1403/11/24,-0.0,Long,PUT,Low Volatility,neutral
اختيارف خودرو-3000-1403/11/03,-0.0,Long,PUT,Low Volatility,neutral
اختيارف خودرو-2800-1403/11/03,-0.0,Long,PUT,Low Volatility,neutral
اختيارف اهرم-22000-1403/11/24,-0.0,Long,PUT,Low Volatility,neutral
اختيارف اهرم-22000-1403/10/26,-0.0,Long,PUT,Low Volatility,neutral
اختيارف اهرم-18000-1403/11/24,-0.0,Long,PUT,Low Volatility,neutral
اختيارف اهرم-26000-1403/10/26,-0.0,Long,PUT,Low Volatility,neutral
اختيارف ذوب-600-1403/09/28,-0.0,Short,PUT,Low Volatility,neutral
اختيارف اهرم-30000-1403/09/28,-0.0,Short,PUT,Low Volatility,neutral
اختيارف شستا-1650-1403/10/12,-0.0,Short,PUT,Low Volatility,neutral
اختيارف وبملت-3250-1403/11/24,-0.046700583456799664,Short,PUT,Low Volatility,neutral
اختيارف خودران-11000-03/11/28,-0.2919733777788411,Short,PUT,Low Volatility,neutral
اختيارف شستا-650-1403/10/12,-99.99845041322314,Short,PUT,Low Volatility,neutral
اختيارف شستا-850-1403/10/12,-99.99845041322314,Short,PUT,Low Volatility,neutral
اختيارف وبملت-2400-1403/09/28,-100.0006838905775,Short,PUT,Low Volatility,neutral
اختيارف ذوب-500-1403/09/28,-100.0040834845735,Short,PUT,Low Volatility,neutral
اختيارف توان-18000-14031002,-100.00532643907302,Short,PUT,Low Volatility,neutral
اختيارخ ذوب-500-1403/09/28,0.21244030021830126,Long,CALL,Bullish High Volatility,bullish
اختيارخ وبملت-3000-1403/09/28,0.19826316677836855,Long,CALL,Bullish High Volatility,bullish
اختيارخ وبملت-2800-1403/09/28,0.13408968344399763,Long,CALL,Bullish High Volatility,bullish
اختيارخ وبملت-2600-1403/09/28,0.13210251135802856,Long,CALL,Bullish High Volatility,bullish
اختيارخ خساپا-2200-1403/11/24,0.1048655815276009,Long,CALL,Bullish High Volatility,bullish
اختيارخ رويين-10000-14031030,0.08686975030266497,Long,CALL,Bullish High Volatility,bullish
اختيارخ خودرو-2600-1404/01/06,0.07679406059365054,Long,CALL,Bullish High Volatility,bullish
اختيارخ وبملت-2200-1403/09/28,0.07136785600123412,Long,CALL,Bullish High Volatility,bullish
اختيارخ وبملت-2400-1403/09/28,0.06449885205461156,Long,CALL,Bullish High Volatility,bullish
اختيارخ بساما-5413-14040207,0.06444329885563925,Long,CALL,Bullish High Volatility,bullish
اختيارخ فولاد-6000-1403/12/01,0.3673563467708873,Short,CALL,Bullish High Volatility,bullish
اختيارخ شستا-1550-1403/12/08,0.31511264175033205,Short,CALL,Bullish High Volatility,bullish
اختيارخ خودرو-3500-1403/12/01,0.30876528100447986,Short,CALL,Bullish High Volatility,bullish
اختيارخ شستا-1450-1403/12/08,0.2879137605141231,Short,CALL,Bullish High Volatility,bullish
اختيارخ ذوب-500-1403/11/24,0.2799674885777858,Short,CALL,Bullish High Volatility,bullish
اختيارخ فولاد-5500-1403/12/01,0.26855266487986884,Short,CALL,Bullish High Volatility,bullish
اختيارخ خگستر-4500-1403/12/01,0.2506979379430253,Short,CALL,Bullish High Volatility,bullish
اختيارخ خودرو-3250-1403/12/01,0.2309222754971426,Short,CALL,Bullish High Volatility,bullish
اختيارخ خگستر-5000-1403/12/01,0.22310089201952268,Short,CALL,Bullish High Volatility,bullish
اختيارخ شستا-1600-1404/01/20,0.21424842954002415,Short,CALL,Bullish High Volatility,bullish
اختيارف خودرو-3250-1403/11/03,-0.0,Long,PUT,Bullish High Volatility,bullish
اختيارف خودرو-2800-1403/11/03,-0.0,Long,PUT,Bullish High Volatility,bullish
اختيارف خودرو-3000-1403/11/03,-0.0,Long,PUT,Bullish High Volatility,bullish
اختيارف خساپا-2400-1403/10/26,-0.0,Long,PUT,Bullish High Volatility,bullish
اختيارف خودرو-3500-1403/11/03,-0.0,Long,PUT,Bullish High Volatility,bullish
اختيارف اهرم-14000-1403/10/26,-0.0,Long,PUT,Bullish High Volatility,bullish
اختيارف اهرم-15000-1403/10/26,-0.0,Long,PUT,Bullish High Volatility,bullish
اختيارف اهرم-26000-1403/10/26,-0.0,Long,PUT,Bullish High Volatility,bullish
اختيارف اهرم-22000-1403/11/24,-0.0,Long,PUT,Bullish High Volatility,bullish
اختيارف اهرم-18000-1403/11/24,-0.0,Long,PUT,Bullish High Volatility,bullish
اختيارف اهرم-30000-1403/09/28,-0.0,Short,PUT,Bullish High Volatility,bullish
اختيارف ذوب-600-1403/09/28,-0.0,Short,PUT,Bullish High Volatility,bullish
اختيارف شستا-1650-1403/10/12,-0.0,Short,PUT,Bullish High Volatility,bullish
اختيارف وبملت-3250-1403/11/24,-0.05978445914401173,Short,PUT,Bullish High Volatility,bullish
اختيارف خودران-11000-03/11/28,-0.3689734545604503,Short,PUT,Bullish High Volatility,bullish
اختيارف شستا-650-1403/10/12,-99.99802677556818,Short,PUT,Bullish High Volatility,bullish
اختيارف شستا-850-1403/10/12,-99.99802677556818,Short,PUT,Bullish High Volatility,bullish
اختيارف وبملت-2400-1403/09/28,-100.00087085771277,Short,PUT,Bullish High Volatility,bullish
اختيارف ذوب-500-1403/09/28,-100.00519985821234,Short,PUT,Bullish High Volatility,bullish
اختيارف توان-18000-14031002,-100.00678262093508,Short,PUT,Bullish High Volatility,bullish
اختيارخ ذوب-500-1403/09/28,0.1592100092102945,Long,CALL,Bullish High Volatility,bearish
اختيارخ وبملت-3000-1403/09/28,0.14797086804605183,Long,CALL,Bullish High Volatility,bearish
اختيارخ وبملت-2800-1403/09/28,0.10019794117838508,Long,CALL,Bullish High Volatility,bearish
اختيارخ وبملت-2600-1403/09/28,0.09894088067150397,Long,CALL,Bullish High Volatility,bearish
اختيارخ خساپا-2200-1403/11/24,0.07487798517584376,Long,CALL,Bullish High Volatility,bearish
اختيارخ رويين-10000-14031030,0.06640534451845323,Long,CALL,Bullish High Volatility,bearish
اختيارخ خودرو-2600-1404/01/06,0.06144054223513493,Long,CALL,Bullish High Volatility,bearish
اختيارخ وبملت-2200-1403/09/28,0.053564686469216194,Long,CALL,Bullish High Volatility,bearish
اختيارخ وبملت-2400-1403/09/28,0.048456592049613875,Long,CALL,Bullish High Volatility,bearish
اختيارخ بساما-5413-14040207,0.043776241672169924,Long,CALL,Bullish High Volatility,bearish
اختيارخ فولاد-6000-1403/12/01,0.5113516623240718,Short,CALL,Bullish High Volatility,bearish
اختيارخ خودرو-3750-1403/12/01,0.4877207478884981,Short,CALL,Bullish High Volatility,bearish
اختيارخ شستا-1550-1403/12/08,0.4322400771439606,Short,CALL,Bullish High Volatility,bearish
اختيارخ خودرو-3500-1403/12/01,0.41899096378101447,Short,CALL,Bullish High Volatility,bearish
اختيارخ شستا-1450-1403/12/08,0.38834757406488485,Short,CALL,Bullish High Volatility,bearish
اختيارخ ذوب-500-1403/11/24,0.3855266079318798,Short,CALL,Bullish High Volatility,bearish
اختيارخ فولاد-5500-1403/12/01,0.3724902307306464,Short,CALL,Bullish High Volatility,bearish
اختيارخ خگستر-4500-1403/12/01,0.34752792225873064,Short,CALL,Bullish High Volatility,bearish
اختيارخ خودرو-3250-1403/12/01,0.309979232120802,Short,CALL,Bullish High Volatility,bearish
اختيارخ خگستر-5000-1403/12/01,0.30791853497325594,Short,CALL,Bullish High Volatility,bearish
اختيارف اهرم-15000-1403/10/26,-0.0,Long,PUT,Bullish High Volatility,bearish
اختيارف اهرم-14000-1403/10/26,-0.0,Long,PUT,Bullish High Volatility,bearish
اختيارف اهرم-16000-1403/10/26,-0.0,Long,PUT,Bullish High Volatility,bearish
اختيارف اهرم-24000-1403/10/26,-0.0,Long,PUT,Bullish High Volatility,bearish
اختيارف اهرم-22000-1403/10/26,-0.0,Long,PUT,Bullish High Volatility,bearish
اختيارف خودرو-3000-1403/11/03,-0.0,Long,PUT,Bullish High Volatility,bearish
اختيارف شستا-850-1403/11/10,-0.0,Long,PUT,Bullish High Volatility,bearish
اختيارف اهرم-18000-1403/11/24,-0.0,Long,PUT,Bullish High Volatility,bearish
اختيارف اهرم-20000-1403/10/26,-0.0,Long,PUT,Bullish High Volatility,bearish
اختيارف شستا-950-1403/11/10,-0.0,Long,PUT,Bullish High Volatility,bearish
اختيارف اهرم-30000-1403/09/28,-0.0,Short,PUT,Bullish High Volatility,bearish
اختيارف شستا-1650-1403/10/12,-0.0,Short,PUT,Bullish High Volatility,bearish
اختيارف ذوب-600-1403/09/28,-0.0,Short,PUT,Bullish High Volatility,bearish
اختيارف وبملت-3250-1403/11/24,-0.044014552417108506,Short,PUT,Bullish High Volatility,bearish
اختيارف خودران-11000-03/11/28,-0.26826778551068325,Short,PUT,Bullish High Volatility,bearish
اختيارف رويين-12000-14031226,-81.21989344245969,Short,PUT,Bullish High Volatility,bearish
اختيارف شستا-850-1403/10/12,-99.99856492768595,Short,PUT,Bullish High Volatility,bearish
اختيارف شستا-650-1403/10/12,-99.99856492768595,Short,PUT,Bullish High Volatility,bearish
اختيارف وبملت-2400-1403/09/28,-100.00063335106383,Short,PUT,Bullish High Volatility,bearish
اختيارف ذوب-500-1403/09/28,-100.00378171506352,Short,PUT,Bullish High Volatility,bearish
اختيارخ ذوب-500-1403/09/28,0.17688241258757761,Long,CALL,Bullish High Volatility,neutral
اختيارخ وبملت-3000-1403/09/28,0.1657126476530882,Long,CALL,Bullish High Volatility,neutral
اختيارخ وبملت-2800-1403/09/28,0.11179304241103347,Long,CALL,Bullish High Volatility,neutral
اختيارخ وبملت-2600-1403/09/28,0.1097908069776217,Long,CALL,Bullish High Volatility,neutral
اختيارخ خساپا-2200-1403/11/24,0.08423483320861411,Long,CALL,Bullish High Volatility,neutral
اختيارخ رويين-10000-14031030,0.07249045508275581,Long,CALL,Bullish High Volatility,neutral
اختيارخ خودرو-2600-1404/01/06,0.0636278320519322,Long,CALL,Bullish High Volatility,neutral
اختيارخ وبملت-2200-1403/09/28,0.05943795825781739,Long,CALL,Bullish High Volatility,neutral
اختيارخ وبملت-2400-1403/09/28,0.05365806821664352,Long,CALL,Bullish High Volatility,neutral
اختيارخ بساما-5413-14040207,0.050238859176475026,Long,CALL,Bullish High Volatility,neutral
اختيارخ فولاد-6000-1403/12/01,0.4660772050314596,Short,CALL,Bullish High Volatility,neutral
اختيارخ شستا-1550-1403/12/08,0.38979336469944936,Short,CALL,Bullish High Volatility,neutral
اختيارخ خودرو-3500-1403/12/01,0.3816029246865898,Short,CALL,Bullish High Volatility,neutral
اختيارخ شستا-1450-1403/12/08,0.3605142431729877,Short,CALL,Bullish High Volatility,neutral
اختيارخ ذوب-500-1403/11/24,0.354232589445267,Short,CALL,Bullish High Volatility,neutral
اختيارخ فولاد-5500-1403/12/01,0.33547814270930565,Short,CALL,Bullish High Volatility,neutral
اختيارخ خگستر-4500-1403/12/01,0.3176272393682955,Short,CALL,Bullish High Volatility,neutral
اختيارخ خودرو-3250-1403/12/01,0.29033506835402006,Short,CALL,Bullish High Volatility,neutral
اختيارخ شستا-1600-1404/01/20,0.2652908613357577,Short,CALL,Bullish High Volatility,neutral
اختيارخ اهرم-26000-1403/10/26,0.2630716833004179,Short,CALL,Bullish High Volatility,neutral
اختيارف خودرو-3500-1403/11/03,-0.0,Long,PUT,Bullish High Volatility,neutral
اختيارف اهرم-18000-1403/11/24,-0.0,Long,PUT,Bullish High Volatility,neutral
اختيارف اهرم-22000-1403/11/24,-0.0,Long,PUT,Bullish High Volatility,neutral
اختيارف خودرو-2800-1403/11/03,-0.0,Long,PUT,Bullish High Volatility,neutral
اختيارف خودرو-3250-1403/11/03,-0.0,Long,PUT,Bullish High Volatility,neutral
اختيارف خودرو-3000-1403/11/03,-0.0,Long,PUT,Bullish High Volatility,neutral
اختيارف اهرم-26000-1403/10/26,-0.0,Long,PUT,Bullish High Volatility,neutral
اختيارف اهرم-24000-1403/10/26,-0.0,Long,PUT,Bullish High Volatility,neutral
اختيارف اهرم-22000-1403/10/26,-0.0,Long,PUT,Bullish High Volatility,neutral
اختيارف اهرم-20000-1403/10/26,-0.0,Long,PUT,Bullish High Volatility,neutral
اختيارف اهرم-30000-1403/09/28,-0.0,Short,PUT,Bullish High Volatility,neutral
اختيارف شستا-1650-1403/10/12,-0.0,Short,PUT,Bullish High Volatility,neutral
اختيارف ذوب-600-1403/09/28,-0.0,Short,PUT,Bullish High Volatility,neutral
اختيارف وبملت-3250-1403/11/24,-0.054345457917380324,Short,PUT,Bullish High Volatility,neutral
اختيارف خودران-11000-03/11/28,-0.33192430366037345,Short,PUT,Bullish High Volatility,neutral
اختيارف شستا-650-1403/10/12,-99.99820615960743,Short,PUT,Bullish High Volatility,neutral
اختيارف شستا-850-1403/10/12,-99.99820615960743,Short,PUT,Bullish High Volatility,neutral
اختيارف وبملت-2400-1403/09/28,-100.00079168882979,Short,PUT,Bullish High Volatility,neutral
اختيارف ذوب-500-1403/09/28,-100.0047271438294,Short,PUT,Bullish High Volatility,neutral
اختيارف توان-18000-14031002,-100.0061660190319,Short,PUT,Bullish High Volatility,neutral
اختيارخ ذوب-500-1403/09/28,0.17195530462794004,Long,CALL,Bearish High Volatility,bullish
اختيارخ وبملت-3000-1403/09/28,0.16019602361268734,Long,CALL,Bearish High Volatility,bullish
اختيارخ وبملت-2800-1403/09/28,0.10740491267090013,Long,CALL,Bearish High Volatility,bullish
اختيارخ وبملت-2600-1403/09/28,0.10591750294014471,Long,CALL,Bearish High Volatility,bullish
اختيارخ خساپا-2200-1403/11/24,0.08591552678781285,Long,CALL,Bearish High Volatility,bullish
اختيارخ رويين-10000-14031030,0.07350462630287881,Long,CALL,Bearish High Volatility,bullish
اختيارخ خودرو-2600-1404/01/06,0.06433155909139486,Long,CALL,Bearish High Volatility,bullish
اختيارخ وبملت-2200-1403/09/28,0.05607365094013644,Long,CALL,Bearish High Volatility,bullish
اختيارخ بساما-5413-14040207,0.051480113653909115,Long,CALL,Bearish High Volatility,bullish
اختيارخ وبملت-2400-1403/09/28,0.050361945657765333,Long,CALL,Bearish High Volatility,bullish
اختيارخ فولاد-6000-1403/12/01,0.4504494862620454,Short,CALL,Bearish High Volatility,bullish
اختيارخ شستا-1550-1403/12/08,0.3834360470630702,Short,CALL,Bearish High Volatility,bullish
اختيارخ خودرو-3500-1403/12/01,0.37477343975486876,Short,CALL,Bearish High Volatility,bullish
اختيارخ شستا-1450-1403/12/08,0.3597767061484506,Short,CALL,Bearish High Volatility,bullish
اختيارخ ذوب-500-1403/11/24,0.3449747566901182,Short,CALL,Bearish High Volatility,bullish
اختيارخ فولاد-5500-1403/12/01,0.3258483045302762,Short,CALL,Bearish High Volatility,bullish
اختيارخ خگستر-4500-1403/12/01,0.3088990020298987,Short,CALL,Bearish High Volatility,bullish
اختيارخ خودرو-3250-1403/12/01,0.2769082065921124,Short,CALL,Bearish High Volatility,bullish
اختيارخ اهرم-26000-1403/10/26,0.25923669094109386,Short,CALL,Bearish High Volatility,bullish
اختيارخ اهرم-26000-1403/11/24,0.25757240115522656,Short,CALL,Bearish High Volatility,bullish
اختيارف اهرم-22000-1403/11/24,-0.0,Long,PUT,Bearish High Volatility,bullish
اختيارف اهرم-18000-1403/11/24,-0.0,Long,PUT,Bearish High Volatility,bullish
اختيارف اهرم-26000-1403/10/26,-0.0,Long,PUT,Bearish High Volatility,bullish
اختيارف اهرم-24000-1403/10/26,-0.0,Long,PUT,Bearish High Volatility,bullish
اختيارف خودرو-3500-1403/11/03,-0.0,Long,PUT,Bearish High Volatility,bullish
اختيارف خودرو-3250-1403/11/03,-0.0,Long,PUT,Bearish High Volatility,bullish
اختيارف خودرو-3000-1403/11/03,-0.0,Long,PUT,Bearish High Volatility,bullish
اختيارف خودرو-2800-1403/11/03,-0.0,Long,PUT,Bearish High Volatility,bullish
اختيارف اهرم-22000-1403/10/26,-0.0,Long,PUT,Bearish High Volatility,bullish
اختيارف اهرم-20000-1403/10/26,-0.0,Long,PUT,Bearish High Volatility,bullish
اختيارف اهرم-30000-1403/09/28,-0.0,Short,PUT,Bearish High Volatility,bullish
اختيارف ذوب-600-1403/09/28,-0.0,Short,PUT,Bearish High Volatility,bullish
اختيارف شستا-1650-1403/10/12,-0.0,Short,PUT,Bearish High Volatility,bullish
اختيارف وبملت-3250-1403/11/24,-0.04928866111028238,Short,PUT,Bearish High Volatility,bullish
اختيارف خودران-11000-03/11/28,-0.3019120477437113,Short,PUT,Bearish High Volatility,bullish
اختيارف شستا-850-1403/10/12,-99.99838920454546,Short,PUT,Bearish High Volatility,bullish
اختيارف شستا-650-1403/10/12,-99.99838920454546,Short,PUT,Bearish High Volatility,bullish
اختيارف وبملت-2400-1403/09/28,-100.00071090425531,Short,PUT,Bearish High Volatility,bullish
اختيارف ذوب-500-1403/09/28,-100.00424478221416,Short,PUT,Bearish High Volatility,bullish
اختيارف توان-18000-14031002,-100.0055368334164,Short,PUT,Bearish High Volatility,bullish
اختيارخ ذوب-500-1403/09/28,0.12899509752228597,Long,CALL,Bearish High Volatility,bearish
اختيارخ وبملت-3000-1403/09/28,0.1204432794283387,Long,CALL,Bearish High Volatility,bearish
اختيارخ وبملت-2800-1403/09/28,0.0806360287038044,Long,CALL,Bearish High Volatility,bearish
اختيارخ وبملت-2600-1403/09/28,0.07949230419239874,Long,CALL,Bearish High Volatility,bearish
اختيارخ خساپا-2200-1403/11/24,0.060211524731642894,Long,CALL,Bearish High Volatility,bearish
اختيارخ رويين-10000-14031030,0.052374031425825064,Long,CALL,Bearish High Volatility,bearish
اختيارخ خودرو-2600-1404/01/06,0.0520688278090279,Long,CALL,Bearish High Volatility,bearish
اختيارخ وبملت-2200-1403/09/28,0.04192639916872491,Long,CALL,Bearish High Volatility,bearish
اختيارخ بساما-5413-14040207,0.03849471183674586,Long,CALL,Bearish High Volatility,bearish
اختيارخ وبملت-2400-1403/09/28,0.037830299030876924,Long,CALL,Bearish High Volatility,bearish
اختيارخ فولاد-6000-1403/12/01,0.6286524781623055,Short,CALL,Bearish High Volatility,bearish
اختيارخ شستا-1550-1403/12/08,0.5323329373848971,Short,CALL,Bearish High Volatility,bearish
اختيارخ خودرو-3500-1403/12/01,0.5184553067276355,Short,CALL,Bearish High Volatility,bearish
اختيارخ شستا-1450-1403/12/08,0.4725999202089482,Short,CALL,Bearish High Volatility,bearish
اختيارخ ذوب-500-1403/11/24,0.4707411338728908,Short,CALL,Bearish High Volatility,bearish
اختيارخ فولاد-5500-1403/12/01,0.4681384516551792,Short,CALL,Bearish High Volatility,bearish
اختيارخ خگستر-4500-1403/12/01,0.4296351376060458,Short,CALL,Bearish High Volatility,bearish
اختيارخ خودرو-3250-1403/12/01,0.3822362359477002,Short,CALL,Bearish High Volatility,bearish
اختيارخ خگستر-5000-1403/12/01,0.3778771212498542,Short,CALL,Bearish High Volatility,bearish
اختيارخ شستا-1600-1404/01/20,0.3667064495714371,Short,CALL,Bearish High Volatility,bearish
اختيارف خودرو-3500-1403/11/03,-0.0,Long,PUT,Bearish High Volatility,bearish
اختيارف خودرو-3250-1403/11/03,-0.0,Long,PUT,Bearish High Volatility,bearish
اختيارف ذوب-400-1403/11/24,-0.0,Long,PUT,Bearish High Volatility,bearish
اختيارف شستا-850-1403/11/10,-0.0,Long,PUT,Bearish High Volatility,bearish
اختيارف شستا-950-1403/11/10,-0.0,Long,PUT,Bearish High Volatility,bearish
اختيارف خساپا-2400-1403/10/26,-0.0,Long,PUT,Bearish High Volatility,bearish
اختيارف شستا-1050-1403/11/10,-0.0,Long,PUT,Bearish High Volatility,bearish
اختيارف رويين-12000-14031030,-0.0,Long,PUT,Bearish High Volatility,bearish
اختيارف اهرم-14000-1403/10/26,-0.0,Long,PUT,Bearish High Volatility,bearish
اختيارف اهرم-15000-1403/10/26,-0.0,Long,PUT,Bearish High Volatility,bearish
اختيارف ذوب-600-1403/09/28,-0.0,Short,PUT,Bearish High Volatility,bearish
اختيارف شستا-1650-1403/10/12,-0.0,Short,PUT,Bearish High Volatility,bearish
اختيارف اهرم-30000-1403/09/28,-0.0,Short,PUT,Bearish High Volatility,bearish
اختيارف وبملت-3250-1403/11/24,-0.03534422773658893,Short,PUT,Bearish High Volatility,bearish
اختيارف خودران-11000-03/11/28,-0.21929130699178323,Short,PUT,Bearish High Volatility,bearish
اختيارف رويين-11000-14031226,-47.22507862010532,Short,PUT,Bearish High Volatility,bearish
اختيارف شستا-850-1403/10/12,-99.9988285123967,Short,PUT,Bearish High Volatility,bearish
اختيارف شستا-650-1403/10/12,-99.9988285123967,Short,PUT,Bearish High Volatility,bearish
اختيارف وبملت-2400-1403/09/28,-100.0005170212766,Short,PUT,Bearish High Volatility,bearish
اختيارف ذوب-500-1403/09/28,-100.00308711433757,Short,PUT,Bearish High Volatility,bearish
اختيارخ ذوب-500-1403/09/28,0.14306463573167108,Long,CALL,Bearish High Volatility,neutral
اختيارخ وبملت-3000-1403/09/28,0.13386972198731437,Long,CALL,Bearish High Volatility,neutral
اختيارخ وبملت-2800-1403/09/28,0.0895211252039116,Long,CALL,Bearish High Volatility,neutral
اختيارخ وبملت-2600-1403/09/28,0.08817767643741138,Long,CALL,Bearish High Volatility,neutral
اختيارخ خساپا-2200-1403/11/24,0.07138029487647232,Long,CALL,Bearish High Volatility,neutral
اختيارخ رويين-10000-14031030,0.059414966385199226,Long,CALL,Bearish High Volatility,neutral
اختيارخ خودرو-2600-1404/01/06,0.05612393049359642,Long,CALL,Bearish High Volatility,neutral
اختيارخ وبملت-2200-1403/09/28,0.046675427712560995,Long,CALL,Bearish High Volatility,neutral
اختيارخ وبملت-2400-1403/09/28,0.04198468531540276,Long,CALL,Bearish High Volatility,neutral
اختيارخ بساما-5413-14040207,0.040160003211676995,Long,CALL,Bearish High Volatility,neutral
اختيارخ فولاد-6000-1403/12/01,0.5684414005579878,Short,CALL,Bearish High Volatility,neutral
اختيارخ شستا-1550-1403/12/08,0.4760380318653103,Short,CALL,Bearish High Volatility,neutral
اختيارخ خودرو-3500-1403/12/01,0.461510416313581,Short,CALL,Bearish High Volatility,neutral
اختيارخ شستا-1450-1403/12/08,0.4377664034194609,Short,CALL,Bearish High Volatility,neutral
اختيارخ ذوب-500-1403/11/24,0.4304928685550492,Short,CALL,Bearish High Volatility,neutral
اختيارخ فولاد-5500-1403/12/01,0.420313168459919,Short,CALL,Bearish High Volatility,neutral
اختيارخ خگستر-4500-1403/12/01,0.3915847921036406,Short,CALL,Bearish High Volatility,neutral
اختيارخ خودرو-3250-1403/12/01,0.3573743932549913,Short,CALL,Bearish High Volatility,neutral
اختيارخ شستا-1400-1404/01/20,0.33020242286571333,Short,CALL,Bearish High Volatility,neutral
اختيارخ اهرم-26000-1403/10/26,0.32530523550428597,Short,CALL,Bearish High Volatility,neutral
اختيارف شستا-950-1403/11/10,-0.0,Long,PUT,Bearish High Volatility,neutral
اختيارف شستا-1050-1403/11/10,-0.0,Long,PUT,Bearish High Volatility,neutral
اختيارف رويين-12000-14031030,-0.0,Long,PUT,Bearish High Volatility,neutral
اختيارف خودرو-3000-1403/11/03,-0.0,Long,PUT,Bearish High Volatility,neutral
اختيارف اهرم-24000-1403/11/24,-0.0,Long,PUT,Bearish High Volatility,neutral
اختيارف اهرم-22000-1403/11/24,-0.0,Long,PUT,Bearish High Volatility,neutral
اختيارف اهرم-18000-1403/11/24,-0.0,Long,PUT,Bearish High Volatility,neutral
اختيارف خودرو-2800-1403/11/03,-0.0,Long,PUT,Bearish High Volatility,neutral
اختيارف ذوب-400-1403/11/24,-0.0,Long,PUT,Bearish High Volatility,neutral
اختيارف خساپا-2400-1403/10/26,-0.0,Long,PUT,Bearish High Volatility,neutral
اختيارف اهرم-30000-1403/09/28,-0.0,Short,PUT,Bearish High Volatility,neutral
اختيارف ذوب-600-1403/09/28,-0.0,Short,PUT,Bearish High Volatility,neutral
اختيارف شستا-1650-1403/10/12,-0.0,Short,PUT,Bearish High Volatility,neutral
اختيارف وبملت-3250-1403/11/24,-0.04411594684285821,Short,PUT,Bearish High Volatility,neutral
اختيارف خودران-11000-03/11/28,-0.27315551998207266,Short,PUT,Bearish High Volatility,neutral
اختيارف شستا-650-1403/10/12,-99.99853564049587,Short,PUT,Bearish High Volatility,neutral
اختيارف شستا-850-1403/10/12,-99.99853564049587,Short,PUT,Bearish High Volatility,neutral
اختيارف وبملت-2400-1403/09/28,-100.00064627659575,Short,PUT,Bearish High Volatility,neutral
اختيارف ذوب-500-1403/09/28,-100.00385889292195,Short,PUT,Bearish High Volatility,neutral
اختيارف توان-18000-14031002,-100.005033484924,Short,PUT,Bearish High Volatility,neutral
اختيارخ ذوب-500-1403/09/28,0.21179950676446707,Long,CALL,Bullish Low Volatility,bullish
اختيارخ وبملت-3000-1403/09/28,0.19850937175188088,Long,CALL,Bullish Low Volatility,bullish
اختيارخ وبملت-2800-1403/09/28,0.1337116075176776,Long,CALL,Bullish Low Volatility,bullish
اختيارخ وبملت-2600-1403/09/28,0.13217747040096162,Long,CALL,Bullish Low Volatility,bullish
اختيارخ خساپا-2200-1403/11/24,0.10594814667321749,Long,CALL,Bullish Low Volatility,bullish
اختيارخ رويين-10000-14031030,0.08748782500199143,Long,CALL,Bullish Low Volatility,bullish
اختيارخ خودرو-2600-1404/01/06,0.07238669563749457,Long,CALL,Bullish Low Volatility,bullish
اختيارخ وبملت-2200-1403/09/28,0.07131838017435688,Long,CALL,Bullish Low Volatility,bullish
اختيارخ بساما-5413-14040207,0.06499785710846175,Long,CALL,Bullish Low Volatility,bullish
اختيارخ وبملت-2400-1403/09/28,0.06453898270378956,Long,CALL,Bullish Low Volatility,bullish
اختيارخ فولاد-6000-1403/12/01,0.353112272617525,Short,CALL,Bullish Low Volatility,bullish
اختيارخ خودرو-3750-1403/12/01,0.3360434038500595,Short,CALL,Bullish Low Volatility,bullish
اختيارخ شستا-1550-1403/12/08,0.2955089992798373,Short,CALL,Bullish Low Volatility,bullish
اختيارخ خودرو-3500-1403/12/01,0.29333250597796573,Short,CALL,Bullish Low Volatility,bullish
اختيارخ شستا-1450-1403/12/08,0.2728049449971247,Short,CALL,Bullish Low Volatility,bullish
اختيارخ ذوب-500-1403/11/24,0.2684790954171572,Short,CALL,Bullish Low Volatility,bullish
اختيارخ فولاد-5500-1403/12/01,0.25677002487905637,Short,CALL,Bullish Low Volatility,bullish
اختيارخ خگستر-4500-1403/12/01,0.24042702409403238,Short,CALL,Bullish Low Volatility,bullish
اختيارخ خودرو-3250-1403/12/01,0.220553302892709,Short,CALL,Bullish Low Volatility,bullish
اختيارخ خگستر-5000-1403/12/01,0.21311557941422354,Short,CALL,Bullish Low Volatility,bullish
اختيارف اهرم-22000-1403/11/24,-0.0,Long,PUT,Bullish Low Volatility,bullish
اختيارف اهرم-15000-1403/10/26,-0.0,Long,PUT,Bullish Low Volatility,bullish
اختيارف اهرم-20000-1403/10/26,-0.0,Long,PUT,Bullish Low Volatility,bullish
اختيارف اهرم-24000-1403/10/26,-0.0,Long,PUT,Bullish Low Volatility,bullish
اختيارف خودرو-3500-1403/11/03,-0.0,Long,PUT,Bullish Low Volatility,bullish
اختيارف خودرو-3250-1403/11/03,-0.0,Long,PUT,Bullish Low Volatility,bullish
اختيارف اهرم-26000-1403/10/26,-0.0,Long,PUT,Bullish Low Volatility,bullish
اختيارف اهرم-16000-1403/10/26,-0.0,Long,PUT,Bullish Low Volatility,bullish
اختيارف اهرم-14000-1403/10/26,-0.0,Long,PUT,Bullish Low Volatility,bullish
اختيارف خودرو-3000-1403/11/03,-0.0,Long,PUT,Bullish Low Volatility,bullish
اختيارف اهرم-30000-1403/09/28,-0.0,Short,PUT,Bullish Low Volatility,bullish
اختيارف شستا-1650-1403/10/12,-0.0,Short,PUT,Bullish Low Volatility,bullish
اختيارف ذوب-600-1403/09/28,-0.0,Short,PUT,Bullish Low Volatility,bullish
اختيارف وبملت-3250-1403/11/24,-0.057541343799956624,Short,PUT,Bullish Low Volatility,bullish
اختيارف خودران-11000-03/11/28,-0.3522926458120936,Short,PUT,Bullish Low Volatility,bullish
اختيارف شستا-650-1403/10/12,-99.99812073863636,Short,PUT,Bullish Low Volatility,bullish
اختيارف شستا-850-1403/10/12,-99.99812073863636,Short,PUT,Bullish Low Volatility,bullish
اختيارف وبملت-2400-1403/09/28,-100.00082938829787,Short,PUT,Bullish Low Volatility,bullish
اختيارف ذوب-500-1403/09/28,-100.00495224591651,Short,PUT,Bullish Low Volatility,bullish
اختيارف توان-18000-14031002,-100.0064596389858,Short,PUT,Bullish Low Volatility,bullish
اختيارخ ذوب-500-1403/09/28,0.159576741290593,Long,CALL,Bullish Low Volatility,bearish
اختيارخ وبملت-3000-1403/09/28,0.14937526399964635,Long,CALL,Bullish Low Volatility,bearish
اختيارخ وبملت-2800-1403/09/28,0.10061376120205112,Long,CALL,Bullish Low Volatility,bearish
اختيارخ وبملت-2600-1403/09/28,0.09905284296829664,Long,CALL,Bullish Low Volatility,bearish
اختيارخ خساپا-2200-1403/11/24,0.07798963509148102,Long,CALL,Bullish Low Volatility,bearish
اختيارخ رويين-10000-14031030,0.063257249513279,Long,CALL,Bullish Low Volatility,bearish
اختيارخ خودرو-2600-1404/01/06,0.05834676740319555,Long,CALL,Bullish Low Volatility,bearish
اختيارخ وبملت-2200-1403/09/28,0.053474246604391755,Long,CALL,Bullish Low Volatility,bearish
اختيارخ بساما-5413-14040207,0.04857976495019749,Long,CALL,Bullish Low Volatility,bearish
اختيارخ وبملت-2400-1403/09/28,0.04832191793903486,Long,CALL,Bullish Low Volatility,bearish
اختيارخ فولاد-6000-1403/12/01,0.48209414559429353,Short,CALL,Bullish Low Volatility,bearish
اختيارخ شستا-1550-1403/12/08,0.4113282078952722,Short,CALL,Bullish Low Volatility,bearish
اختيارخ خودرو-3500-1403/12/01,0.4021205402783141,Short,CALL,Bullish Low Volatility,bearish
اختيارخ شستا-1450-1403/12/08,0.3779338871881345,Short,CALL,Bullish Low Volatility,bearish
اختيارخ ذوب-500-1403/11/24,0.3713072160598999,Short,CALL,Bullish Low Volatility,bearish
اختيارخ فولاد-5500-1403/12/01,0.3506526552062669,Short,CALL,Bullish Low Volatility,bearish
اختيارخ خگستر-4500-1403/12/01,0.3303283328710414,Short,CALL,Bullish Low Volatility,bearish
اختيارخ خودرو-3250-1403/12/01,0.3001763681083466,Short,CALL,Bullish Low Volatility,bearish
اختيارخ شستا-1400-1404/01/20,0.27966381319618877,Short,CALL,Bullish Low Volatility,bearish
اختيارخ اهرم-26000-1403/11/24,0.27880783553946636,Short,CALL,Bullish Low Volatility,bearish
اختيارف اهرم-16000-1403/10/26,-0.0,Long,PUT,Bullish Low Volatility,bearish
اختيارف اهرم-14000-1403/10/26,-0.0,Long,PUT,Bullish Low Volatility,bearish
اختيارف اهرم-15000-1403/10/26,-0.0,Long,PUT,Bullish Low Volatility,bearish
اختيارف شستا-850-1403/11/10,-0.0,Long,PUT,Bullish Low Volatility,bearish
اختيارف خساپا-2400-1403/10/26,-0.0,Long,PUT,Bullish Low Volatility,bearish
اختيارف خودرو-3500-1403/11/03,-0.0,Long,PUT,Bullish Low Volatility,bearish
اختيارف شستا-950-1403/11/10,-0.0,Long,PUT,Bullish Low Volatility,bearish
اختيارف رويين-12000-14031030,-0.0,Long,PUT,Bullish Low Volatility,bearish
اختيارف شستا-1050-1403/11/10,-0.0,Long,PUT,Bullish Low Volatility,bearish
اختيارف نارنج-13000-14031114,-0.0,Long,PUT,Bullish Low Volatility,bearish
اختيارف اهرم-30000-1403/09/28,-0.0,Short,PUT,Bullish Low Volatility,bearish
اختيارف شستا-1650-1403/10/12,-0.0,Short,PUT,Bullish Low Volatility,bearish
اختيارف ذوب-600-1403/09/28,-0.0,Short,PUT,Bullish Low Volatility,bearish
اختيارف وبملت-3250-1403/11/24,-0.0415394035781245,Short,PUT,Bullish Low Volatility,bearish
اختيارف خودران-11000-03/11/28,-0.25446537921648266,Short,PUT,Bullish Low Volatility,bearish
اختيارف شستا-850-1403/10/12,-99.99863326446281,Short,PUT,Bullish Low Volatility,bearish
اختيارف شستا-650-1403/10/12,-99.99863326446281,Short,PUT,Bullish Low Volatility,bearish
اختيارف وبملت-2400-1403/09/28,-100.00060319148936,Short,PUT,Bullish Low Volatility,bearish
اختيارف ذوب-500-1403/09/28,-100.00360163339383,Short,PUT,Bullish Low Volatility,bearish
اختيارف توان-18000-14031002,-100.0046979192624,Short,PUT,Bullish Low Volatility,bearish
اختيارخ ذوب-500-1403/09/28,0.17674712965310158,Long,CALL,Bullish Low Volatility,neutral
اختيارخ وبملت-3000-1403/09/28,0.1651669390630225,Long,CALL,Bullish Low Volatility,neutral
اختيارخ وبملت-2800-1403/09/28,0.111380501749755,Long,CALL,Bullish Low Volatility,neutral
اختيارخ وبملت-2600-1403/09/28,0.1099435750352949,Long,CALL,Bullish Low Volatility,neutral
اختيارخ خساپا-2200-1403/11/24,0.0826682829004259,Long,CALL,Bullish Low Volatility,neutral
اختيارخ رويين-10000-14031030,0.0710321660340232,Long,CALL,Bullish Low Volatility,neutral
اختيارخ خودرو-2600-1404/01/06,0.06418434539511424,Long,CALL,Bullish Low Volatility,neutral
اختيارخ وبملت-2200-1403/09/28,0.05948906659576298,Long,CALL,Bullish Low Volatility,neutral
اختيارخ وبملت-2400-1403/09/28,0.053842920283572085,Long,CALL,Bullish Low Volatility,neutral
اختيارخ بساما-5413-14040207,0.04259904863297451,Long,CALL,Bullish Low Volatility,neutral
اختيارخ فولاد-6000-1403/12/01,0.43647801515881735,Short,CALL,Bullish Low Volatility,neutral
اختيارخ شستا-1550-1403/12/08,0.37814597142001727,Short,CALL,Bullish Low Volatility,neutral
اختيارخ خودرو-3500-1403/12/01,0.3715668410530432,Short,CALL,Bullish Low Volatility,neutral
اختيارخ شستا-1450-1403/12/08,0.3396712449742251,Short,CALL,Bullish Low Volatility,neutral
اختيارخ ذوب-500-1403/11/24,0.3292186338246341,Short,CALL,Bullish Low Volatility,neutral
اختيارخ فولاد-5500-1403/12/01,0.32418069182185927,Short,CALL,Bullish Low Volatility,neutral
اختيارخ خگستر-4500-1403/12/01,0.29862763790484126,Short,CALL,Bullish Low Volatility,neutral
اختيارخ خودرو-3250-1403/12/01,0.2836513857726596,Short,CALL,Bullish Low Volatility,neutral
اختيارخ خگستر-5000-1403/12/01,0.2652823806042254,Short,CALL,Bullish Low Volatility,neutral
اختيارخ اهرم-26000-1403/11/24,0.25382928016846673,Short,CALL,Bullish Low Volatility,neutral
اختيارف اهرم-15000-1403/10/26,-0.0,Long,PUT,Bullish Low Volatility,neutral
اختيارف اهرم-16000-1403/10/26,-0.0,Long,PUT,Bullish Low Volatility,neutral
اختيارف اهرم-18000-1403/10/26,-0.0,Long,PUT,Bullish Low Volatility,neutral
اختيارف رويين-12000-14031030,-0.0,Long,PUT,Bullish Low Volatility,neutral
اختيارف اهرم-14000-1403/10/26,-0.0,Long,PUT,Bullish Low Volatility,neutral
اختيارف اهرم-24000-1403/10/26,-0.0,Long,PUT,Bullish Low Volatility,neutral
اختيارف اهرم-22000-1403/11/24,-0.0,Long,PUT,Bullish Low Volatility,neutral
اختيارف خودرو-2800-1403/11/03,-0.0,Long,PUT,Bullish Low Volatility,neutral
اختيارف خودرو-3000-1403/11/03,-0.0,Long,PUT,Bullish Low Volatility,neutral
اختيارف اهرم-20000-1403/10/26,-0.0,Long,PUT,Bullish Low Volatility,neutral
اختيارف اهرم-30000-1403/09/28,-0.0,Short,PUT,Bullish Low Volatility,neutral
اختيارف ذوب-600-1403/09/28,-0.0,Short,PUT,Bullish Low Volatility,neutral
اختيارف شستا-1650-1403/10/12,-0.0,Short,PUT,Bullish Low Volatility,neutral
اختيارف وبملت-3250-1403/11/24,-0.051363375064683366,Short,PUT,Bullish Low Volatility,neutral
اختيارف خودران-11000-03/11/28,-0.31847895544201477,Short,PUT,Bullish Low Volatility,neutral
اختيارف شستا-850-1403/10/12,-99.99829158057851,Short,PUT,Bullish Low Volatility,neutral
اختيارف شستا-650-1403/10/12,-99.99829158057851,Short,PUT,Bullish Low Volatility,neutral
اختيارف وبملت-2400-1403/09/28,-100.0007539893617,Short,PUT,Bullish Low Volatility,neutral
اختيارف ذوب-500-1403/09/28,-100.00450204174228,Short,PUT,Bullish Low Volatility,neutral
اختيارف توان-18000-14031002,-100.005872399078,Short,PUT,Bullish Low Volatility,neutral
اختيارخ ذوب-500-1403/09/28,0.17218631346616664,Long,CALL,Bearish Low Volatility,bullish
اختيارخ وبملت-3000-1403/09/28,0.16023229768731725,Long,CALL,Bearish Low Volatility,bullish
اختيارخ وبملت-2800-1403/09/28,0.10759173667139399,Long,CALL,Bearish Low Volatility,bullish
اختيارخ وبملت-2600-1403/09/28,0.10579460493074033,Long,CALL,Bearish Low Volatility,bullish
اختيارخ خساپا-2200-1403/11/24,0.08463729840239168,Long,CALL,Bearish Low Volatility,bullish
اختيارخ رويين-10000-14031030,0.07195736778446131,Long,CALL,Bearish Low Volatility,bullish
اختيارخ خودرو-2600-1404/01/06,0.06121678733497001,Long,CALL,Bearish Low Volatility,bullish
اختيارخ وبملت-2200-1403/09/28,0.05596152449233439,Long,CALL,Bearish Low Volatility,bullish
اختيارخ وبملت-2400-1403/09/28,0.05054649181998705,Long,CALL,Bearish Low Volatility,bullish
اختيارخ بساما-5413-14040207,0.04486970593426318,Long,CALL,Bearish Low Volatility,bullish
اختيارخ فولاد-6000-1403/12/01,0.42728102207000335,Short,CALL,Bearish Low Volatility,bullish
اختيارخ شستا-1550-1403/12/08,0.37015151887819325,Short,CALL,Bearish Low Volatility,bullish
اختيارخ خودرو-3500-1403/12/01,0.3552719668748014,Short,CALL,Bearish Low Volatility,bullish
اختيارخ شستا-1450-1403/12/08,0.3356654744309792,Short,CALL,Bearish Low Volatility,bullish
اختيارخ ذوب-500-1403/11/24,0.3318576511132788,Short,CALL,Bearish Low Volatility,bullish
اختيارخ فولاد-5500-1403/12/01,0.3205693802084566,Short,CALL,Bearish Low Volatility,bullish
اختيارخ خگستر-4500-1403/12/01,0.2943625366633222,Short,CALL,Bearish Low Volatility,bullish
اختيارخ خودرو-3250-1403/12/01,0.2709272342030882,Short,CALL,Bearish Low Volatility,bullish
اختيارخ اهرم-26000-1403/11/24,0.24988142878455,Short,CALL,Bearish Low Volatility,bullish
اختيارخ شستا-1600-1404/01/20,0.24662846632464328,Short,CALL,Bearish Low Volatility,bullish
اختيارف اهرم-22000-1403/11/24,-0.0,Long,PUT,Bearish Low Volatility,bullish
اختيارف اهرم-24000-1403/11/24,-0.0,Long,PUT,Bearish Low Volatility,bullish
اختيارف اهرم-14000-1403/10/26,-0.0,Long,PUT,Bearish Low Volatility,bullish
اختيارف شستا-1050-1403/11/10,-0.0,Long,PUT,Bearish Low Volatility,bullish
اختيارف اهرم-18000-1403/11/24,-0.0,Long,PUT,Bearish Low Volatility,bullish
اختيارف رويين-12000-14031030,-0.0,Long,PUT,Bearish Low Volatility,bullish
اختيارف خودرو-2800-1403/11/03,-0.0,Long,PUT,Bearish Low Volatility,bullish
اختيارف خودرو-3000-1403/11/03,-0.0,Long,PUT,Bearish Low Volatility,bullish
اختيارف خودرو-3250-1403/11/03,-0.0,Long,PUT,Bearish Low Volatility,bullish
اختيارف خودرو-3500-1403/11/03,-0.0,Long,PUT,Bearish Low Volatility,bullish
اختيارف شستا-1650-1403/10/12,-0.0,Short,PUT,Bearish Low Volatility,bullish
اختيارف اهرم-30000-1403/09/28,-0.0,Short,PUT,Bearish Low Volatility,bullish
اختيارف ذوب-600-1403/09/28,-0.0,Short,PUT,Bearish Low Volatility,bullish
اختيارف وبملت-3250-1403/11/24,-0.04643236216839223,Short,PUT,Bearish Low Volatility,bullish
اختيارف خودران-11000-03/11/28,-0.2851764409353474,Short,PUT,Bearish Low Volatility,bullish
اختيارف رويين-11000-14031226,-86.78943685247376,Short,PUT,Bearish Low Volatility,bullish
اختيارف شستا-650-1403/10/12,-99.99846590909091,Short,PUT,Bearish Low Volatility,bullish
اختيارف شستا-850-1403/10/12,-99.99846590909091,Short,PUT,Bearish Low Volatility,bullish
اختيارف وبملت-2400-1403/09/28,-100.00067705167173,Short,PUT,Bearish Low Volatility,bullish
اختيارف ذوب-500-1403/09/28,-100.00404264972777,Short,PUT,Bearish Low Volatility,bullish
اختيارخ ذوب-500-1403/09/28,0.12882427430084625,Long,CALL,Bearish Low Volatility,bearish
اختيارخ وبملت-3000-1403/09/28,0.12061494070259833,Long,CALL,Bearish Low Volatility,bearish
اختيارخ وبملت-2800-1403/09/28,0.08072381030973577,Long,CALL,Bearish Low Volatility,bearish
اختيارخ وبملت-2600-1403/09/28,0.07927871515822918,Long,CALL,Bearish Low Volatility,bearish
اختيارخ خساپا-2200-1403/11/24,0.06137388583976881,Long,CALL,Bearish Low Volatility,bearish
اختيارخ رويين-10000-14031030,0.052511300606714655,Long,CALL,Bearish Low Volatility,bearish
اختيارخ خودرو-2600-1404/01/06,0.04531818119771603,Long,CALL,Bearish Low Volatility,bearish
اختيارخ وبملت-2200-1403/09/28,0.04194637386828066,Long,CALL,Bearish Low Volatility,bearish
اختيارخ وبملت-2400-1403/09/28,0.03770944903107737,Long,CALL,Bearish Low Volatility,bearish
اختيارخ بساما-5413-14040207,0.03669100308565003,Long,CALL,Bearish Low Volatility,bearish
اختيارخ فولاد-6000-1403/12/01,0.5919396716357583,Short,CALL,Bearish Low Volatility,bearish
اختيارخ شستا-1550-1403/12/08,0.5067956134516156,Short,CALL,Bearish Low Volatility,bearish
اختيارخ خودرو-3500-1403/12/01,0.4977169979560905,Short,CALL,Bearish Low Volatility,bearish
اختيارخ ذوب-500-1403/11/24,0.4538099674056935,Short,CALL,Bearish Low Volatility,bearish
اختيارخ شستا-1450-1403/12/08,0.4518467594503463,Short,CALL,Bearish Low Volatility,bearish
اختيارخ فولاد-5500-1403/12/01,0.4302391934037795,Short,CALL,Bearish Low Volatility,bearish
اختيارخ خگستر-4500-1403/12/01,0.40591845447012304,Short,CALL,Bearish Low Volatility,bearish
اختيارخ خودرو-3250-1403/12/01,0.3714404013558945,Short,CALL,Bearish Low Volatility,bearish
اختيارخ اهرم-26000-1403/10/26,0.3400001396104528,Short,CALL,Bearish Low Volatility,bearish
اختيارخ اهرم-26000-1403/11/24,0.33871281015699994,Short,CALL,Bearish Low Volatility,bearish
اختيارف اهرم-14000-1403/10/26,-0.0,Long,PUT,Bearish Low Volatility,bearish
اختيارف خودرو-3250-1403/11/03,-0.0,Long,PUT,Bearish Low Volatility,bearish
اختيارف خودرو-2800-1403/11/03,-0.0,Long,PUT,Bearish Low Volatility,bearish
اختيارف اهرم-18000-1403/11/24,-0.0,Long,PUT,Bearish Low Volatility,bearish
اختيارف اهرم-24000-1403/10/26,-0.0,Long,PUT,Bearish Low Volatility,bearish
اختيارف اهرم-22000-1403/10/26,-0.0,Long,PUT,Bearish Low Volatility,bearish
اختيارف اهرم-20000-1403/10/26,-0.0,Long,PUT,Bearish Low Volatility,bearish
اختيارف اهرم-18000-1403/10/26,-0.0,Long,PUT,Bearish Low Volatility,bearish
اختيارف اهرم-16000-1403/10/26,-0.0,Long,PUT,Bearish Low Volatility,bearish
اختيارف اهرم-15000-1403/10/26,-0.0,Long,PUT,Bearish Low Volatility,bearish
اختيارف ذوب-600-1403/09/28,-0.0,Short,PUT,Bearish Low Volatility,bearish
اختيارف شستا-1650-1403/10/12,-0.0,Short,PUT,Bearish Low Volatility,bearish
اختيارف اهرم-30000-1403/09/28,-0.0,Short,PUT,Bearish Low Volatility,bearish
اختيارف وبملت-3250-1403/11/24,-0.033509134514384295,Short,PUT,Bearish Low Volatility,bearish
اختيارف خودران-11000-03/11/28,-0.20902501686672226,Short,PUT,Bearish Low Volatility,bearish
اختيارف شستا-650-1403/10/12,-99.99888429752066,Short,PUT,Bearish Low Volatility,bearish
اختيارف شستا-850-1403/10/12,-99.99888429752066,Short,PUT,Bearish Low Volatility,bearish
اختيارف وبملت-2400-1403/09/28,-100.00049240121581,Short,PUT,Bearish Low Volatility,bearish
اختيارف ذوب-500-1403/09/28,-100.00294010889293,Short,PUT,Bearish Low Volatility,bearish
اختيارف توان-18000-14031002,-100.00383503613257,Short,PUT,Bearish Low Volatility,bearish
اختيارخ ذوب-500-1403/09/28,0.1432557300345808,Long,CALL,Bearish Low Volatility,neutral
اختيارخ وبملت-3000-1403/09/28,0.13411599098535898,Long,CALL,Bearish Low Volatility,neutral
اختيارخ وبملت-2800-1403/09/28,0.0897768308025791,Long,CALL,Bearish Low Volatility,neutral
اختيارخ وبملت-2600-1403/09/28,0.08812358912810372,Long,CALL,Bearish Low Volatility,neutral
اختيارخ خساپا-2200-1403/11/24,0.07007603651482887,Long,CALL,Bearish Low Volatility,neutral
اختيارخ رويين-10000-14031030,0.06127691673959851,Long,CALL,Bearish Low Volatility,neutral
اختيارخ خودرو-2600-1404/01/06,0.055158861628691686,Long,CALL,Bearish Low Volatility,neutral
اختيارخ وبملت-2200-1403/09/28,0.04659601851750015,Long,CALL,Bearish Low Volatility,neutral
اختيارخ وبملت-2400-1403/09/28,0.042157179100120894,Long,CALL,Bearish Low Volatility,neutral
اختيارخ بساما-5413-14040207,0.03999133505654687,Long,CALL,Bearish Low Volatility,neutral
اختيارخ فولاد-6000-1403/12/01,0.5418466219969795,Short,CALL,Bearish Low Volatility,neutral
اختيارخ شستا-1550-1403/12/08,0.4588246246194479,Short,CALL,Bearish Low Volatility,neutral
اختيارخ خودرو-3500-1403/12/01,0.45421015991548613,Short,CALL,Bearish Low Volatility,neutral
اختيارخ شستا-1450-1403/12/08,0.42192223451823374,Short,CALL,Bearish Low Volatility,neutral
اختيارخ ذوب-500-1403/11/24,0.4056519738137608,Short,CALL,Bearish Low Volatility,neutral
اختيارخ فولاد-5500-1403/12/01,0.39246956872164335,Short,CALL,Bearish Low Volatility,neutral
اختيارخ خگستر-4500-1403/12/01,0.3684993893318536,Short,CALL,Bearish Low Volatility,neutral
اختيارخ خودرو-3250-1403/12/01,0.3380095693581194,Short,CALL,Bearish Low Volatility,neutral
اختيارخ خگستر-5000-1403/12/01,0.32605357639475807,Short,CALL,Bearish Low Volatility,neutral
اختيارخ اهرم-26000-1403/10/26,0.30604586641754206,Short,CALL,Bearish Low Volatility,neutral
اختيارف اهرم-14000-1403/10/26,-0.0,Long,PUT,Bearish Low Volatility,neutral
اختيارف شستا-850-1403/11/10,-0.0,Long,PUT,Bearish Low Volatility,neutral
اختيارف خودرو-3500-1403/11/03,-0.0,Long,PUT,Bearish Low Volatility,neutral
اختيارف خودرو-3250-1403/11/03,-0.0,Long,PUT,Bearish Low Volatility,neutral
اختيارف شستا-950-1403/11/10,-0.0,Long,PUT,Bearish Low Volatility,neutral
اختيارف شستا-1050-1403/11/10,-0.0,Long,PUT,Bearish Low Volatility,neutral
اختيارف خودرو-2800-1403/11/03,-0.0,Long,PUT,Bearish Low Volatility,neutral
اختيارف رويين-12000-14031030,-0.0,Long,PUT,Bearish Low Volatility,neutral
اختيارف نارنج-13000-14031114,-0.0,Long,PUT,Bearish Low Volatility,neutral
اختيارف ذوب-400-1403/11/24,-0.0,Long,PUT,Bearish Low Volatility,neutral
اختيارف اهرم-30000-1403/09/28,-0.0,Short,PUT,Bearish Low Volatility,neutral
اختيارف شستا-1650-1403/10/12,-0.0,Short,PUT,Bearish Low Volatility,neutral
اختيارف ذوب-600-1403/09/28,-0.0,Short,PUT,Bearish Low Volatility,neutral
اختيارف وبملت-3250-1403/11/24,-0.041926197391580995,Short,PUT,Bearish Low Volatility,neutral
اختيارف خودران-11000-03/11/28,-0.26163674601804987,Short,PUT,Bearish Low Volatility,neutral
اختيارف شستا-650-1403/10/12,-99.99860537190082,Short,PUT,Bearish Low Volatility,neutral
اختيارف شستا-850-1403/10/12,-99.99860537190082,Short,PUT,Bearish Low Volatility,neutral
اختيارف وبملت-2400-1403/09/28,-100.00061550151976,Short,PUT,Bearish Low Volatility,neutral
اختيارف ذوب-500-1403/09/28,-100.00367513611616,Short,PUT,Bearish Low Volatility,neutral
اختيارف توان-18000-14031002,-100.00479379516571,Short,PUT,Bearish Low Volatility,neutral
